"year","month","day","zone","tow.number","tow.id","start.time.logbook","end.time.logbook","start.time","end.time","valid","longitude","latitude","longitude.start.logbook","longitude.end.logbook","latitude.start.logbook","latitude.end.logbook","depth","bottom.temperature","warp","swept.area","swept.area.method","groundfish.sample","water.sample","comment"
2020,7,10,"12",1,"GP001FR","11:33:13","11:38:15","        ","        ",0,NA,NA,-62.25085,-62.2508666666667,46.3478466666667,46.34782,25,NA,75,NA,NA,0,NA,""
2020,7,13,"F",1,"GP354F","05:24:33","05:29:33","        ","        ",1,NA,NA,-60.3906166666667,-60.3874333333333,47.382635,47.3843516666667,44,1.73,125,NA,NA,0,NA,"Stable ~ 2.2 kts"
2020,7,13,"F",2,"GP351F","06:30:20","06:35:24","        ","        ",1,NA,NA,-60.4615666666667,-60.4578166666667,47.43125,47.43225,52,1.69,150,NA,NA,0,NA,"Stable ~ 2.2 kts"
2020,7,13,"F",3,"GP353F","07:52:27","07:57:26","        ","        ",1,NA,NA,-60.4028166666667,-60.4025666666667,47.5237616666667,47.52636,171,6.76,525,NA,NA,0,NA,"Force a cause de vase ~ 2.1 kts"
2020,7,13,"F",4,"GP352F","09:05:59","09:11:00","        ","        ",1,NA,NA,-60.4394,-60.4371,47.5551333333333,47.5574333333333,137,6.41,375,NA,NA,0,NA,"Stable ~ 2.2 kts"
2020,7,13,"F",5,"GP350F","10:15:55","10:20:56","        ","        ",1,NA,NA,-60.483,-60.4801833333333,47.509015,47.5109433333333,78,4.15,225,NA,NA,0,NA,"Stable ~ 2.2 kts"
2020,7,13,"F",6,"GP346F","11:33:55","11:38:57","        ","        ",1,NA,NA,-60.6100333333333,-60.6069,47.4786033333333,47.4803866666667,40,1.14,125,NA,NA,0,NA,"Stable ~ 2.2 kts"
2020,7,13,"F",7,"GP342F","12:52:12","12:57:13","        ","        ",1,NA,NA,-60.6964666666667,-60.6934333333333,47.565805,47.567595,31,1.02,100,NA,NA,0,NA,"Stable ~ 2.2 kts"
2020,7,13,"F",8,"GP334F","13:59:05","14:04:07","        ","        ",1,NA,NA,-60.84705,-60.8489833333333,47.55544,47.5579266666667,28,0.99,75,NA,NA,0,NA,"Stable ~ 2.2 kts"
2020,7,15,"F",1,"GP323F","20:07:48","20:12:48","        ","        ",1,NA,NA,-61.00275,-61.0060333333333,47.6280633333333,47.626475,22,1.65,75,NA,NA,0,NA,"Stable ~ 2.1 kts"
2020,7,16,"F",1,"GP325F","05:13:51","05:18:58","        ","        ",1,NA,NA,-60.9511666666667,-60.9550833333333,47.7819933333333,47.781225,30,0.95,100,NA,NA,0,NA,"Stable ~ 2.1 kts"
2020,7,16,"F",2,"GP335F","06:24:11","06:29:13","        ","        ",1,NA,NA,-60.8315833333333,-60.8355833333333,47.7695783333333,47.76881,38,0.35,125,NA,NA,0,NA,"Stable ~ 2.1 kts"
2020,7,16,"F",3,"GP344F","07:46:48","07:51:49","        ","        ",1,NA,NA,-60.6753333333333,-60.67935,47.7438366666667,47.7439133333333,46,0.87,150,NA,NA,0,NA,"Accroche et force ~ 2.1 kts"
2020,7,16,"F",4,"GP341F","08:58:36","09:03:38","        ","        ",1,NA,NA,-60.69595,-60.6992,47.8149183333333,47.8133683333333,105,5.27,325,NA,NA,0,NA,"Stable ~ 2.1 kts"
2020,7,16,"F",5,"GP331F","10:19:46","10:24:47","        ","        ",1,NA,NA,-60.89765,-60.9017666666667,47.832065,47.832085,40,0.07,125,NA,NA,0,NA,"Stable ~ 2.1 kts"
2020,7,16,"F",6,"GP326F","11:03:53","11:08:53","        ","        ",1,NA,NA,-60.9752333333333,-60.9793833333333,47.8212533333333,47.82081,31,0.27,100,NA,NA,0,NA,"Stable ~ 2.2 kts"
2020,7,16,"F",7,"GP315F","11:54:39","11:59:40","        ","        ",1,NA,NA,-61.0853666666667,-61.0894666666667,47.8447366666667,47.8453633333333,29,0.79,75,NA,NA,0,NA,"Accroche et force ~ 2.2 kts"
2020,7,16,"F",8,"GP324F","13:10:56","13:15:58","        ","        ",1,NA,NA,-60.9622833333333,-60.9659833333333,47.915585,47.914315,48,0.39,150,NA,NA,0,NA,"Stable ~ 2.2 kts"
2020,7,16,"F",9,"GP313F","14:19:27","14:24:28","        ","        ",1,NA,NA,-61.1018833333333,-61.1054666666667,47.9674216666667,47.9688566666667,46,0.07,150,NA,NA,0,NA,"Stable ~ 2.2 kts"
2020,7,16,"12",10,"GP320F","15:28:47","15:33:49","        ","        ",1,NA,NA,-61.015,-61.0114333333333,48.0327883333333,48.03428,160,6.72,475,NA,NA,0,NA,"Stable ~ 2.2 kts"
2020,7,16,"12",11,"GP312F","16:43:46","16:48:46","        ","        ",1,NA,NA,-61.108,-61.1117166666667,48.0779066666667,48.0792266666667,162,6.69,475,NA,NA,0,NA,"Force a cause de vase ~ 2.2 kts"
2020,7,16,"12",12,"GP316F","18:32:26","18:37:25","        ","        ",1,NA,NA,-61.2391166666667,-61.2420833333333,48.1943416666667,48.19639,209,6.16,525,NA,NA,0,NA,"Force a cause de vase ~ 2.1 kts"
2020,7,16,"E",13,"GP295F","20:14:26","20:19:28","        ","        ",1,NA,NA,-61.40195,-61.4058333333333,48.093435,48.0946433333333,51,0.67,150,NA,NA,0,NA,"Stable ~ 2.1 kts"
2020,7,17,"12",1,"GP293F","05:33:07","05:38:09","        ","        ",1,NA,NA,-61.4285833333333,-61.4246833333333,48.2211,48.220245,197,6.3,525,NA,NA,0,NA,"Force a cause de vase ~ 2.2 kts"
2020,7,17,"E",2,"GP282F","07:44:43","07:49:45","        ","        ",1,NA,NA,-61.60645,-61.6024,48.2245866666667,48.223775,175,6.69,525,NA,NA,0,NA,"Force a cause de vase ~ 2.2 kts"
2020,7,17,"E",3,"GP273F","09:26:19","09:31:18","        ","        ",1,NA,NA,-61.7082833333333,-61.7052166666667,48.11277,48.114795,51,1.18,150,NA,NA,0,NA,"Stable ~ 2.2 kts"
2020,7,17,"E",4,"GP269F","11:31:56","11:37:02","        ","        ",1,NA,NA,-61.7863,-61.7823666666667,48.2844483333333,48.2832066666667,184,6.65,525,NA,NA,0,NA,"Force a cause de vase ~ 2.2 kts"
2020,7,17,"E",5,"GP260F","12:59:01","13:04:01","        ","        ",1,NA,NA,-61.88555,-61.8814166666667,48.23527,48.23425,121,5.52,375,NA,NA,0,NA,"Force a cause de vase ~ 2.1 kts"
2020,7,17,"E",6,"GP251F","13:55:17","14:00:20","        ","        ",1,NA,NA,-61.9497833333333,-61.9538333333333,48.2488483333333,48.2495766666667,108,5.34,325,NA,NA,0,NA,"Force ~ 2.2 kts"
2020,7,17,"E",7,"GP250F","14:46:58","14:51:58","        ","        ",1,NA,NA,-61.94125,-61.9400333333333,48.28629,48.289055,140,6.27,425,NA,NA,0,NA,"Force a cause de vase ~ 2.2 kts"
2020,7,17,"E",8,"GP235F","16:45:58","16:50:59","        ","        ",1,NA,NA,-62.1132,-62.1105666666667,48.401715,48.40398,200,6.41,525,NA,NA,0,NA,"Force a cause de vase ~ 2.2 kts"
2020,7,17,"E",9,"GP237F","18:16:06","18:21:05","        ","        ",1,NA,NA,-62.10905,-62.1076833333333,48.35872,48.361445,153,6.48,450,NA,NA,0,NA,"Force ~ 2.2 kts"
2020,7,17,"12",10,"GP208F","20:30:20","20:35:22","        ","        ",1,NA,NA,-62.3783166666667,-62.37715,48.2664566666667,48.2692466666667,40,-0.01,125,NA,NA,0,NA,"Stable ~ 2.2 kts"
2020,7,18,"12",1,"GP120F","05:45:12","05:50:14","        ","        ",1,NA,NA,-63.24515,-63.24095,48.9105383333333,48.911155,210,6.44,525,NA,NA,0,NA,"Force a cause de vase ~ 2.2 kts"
2020,7,18,"12",2,"GP098F","08:06:46","08:11:47","        ","        ",1,NA,NA,-63.4259833333333,-63.4229,48.9317966666667,48.9336683333333,190,6.41,525,NA,NA,0,NA,"Force a cause de vase ~ 2.2 kts"
2020,7,18,"12",3,"GP081F","10:03:44","10:08:48","        ","        ",0,NA,NA,-63.5922333333333,-63.5920833333333,48.8980416666667,48.90081,166,NA,500,NA,NA,0,NA,"Chalut melee - stable ~ 2.2 kts"
2020,7,18,"12",4,"GP081FR","11:33:25","11:38:22","        ","        ",1,NA,NA,-63.5931833333333,-63.59325,48.8985683333333,48.9013933333333,166,6.23,500,NA,NA,0,NA,"Stable ~ 2.2 kts"
2020,7,18,"12",5,"GP072F","13:23:39","13:28:37","        ","        ",0,NA,NA,-63.7639833333333,-63.7628666666667,48.82085,48.8235216666667,100,4.8,300,NA,NA,0,NA,"Chalut dechire (belly) - accroche et force ~ 2.2 kts"
2020,7,18,"12",6,"GP072A1","15:29:14","15:34:15","        ","        ",1,NA,NA,-63.669,-63.6690333333333,48.7381783333333,48.7411766666667,82,4.29,250,NA,NA,0,NA,"Accroche et force ~ 2.2 kts"
2020,7,18,"12",7,"GP085F","17:08:51","17:13:54","        ","        ",1,NA,NA,-63.5540333333333,-63.5536,48.8331683333333,48.8360516666667,135,5.54,400,NA,NA,0,NA,"Force a cause de vase ~ 2.2 kts"
2020,7,18,"12",8,"GP109F","18:42:42","18:47:42","        ","        ",1,NA,NA,-63.3509833333333,-63.3469333333333,48.8384666666667,48.839515,168,6.3,500,NA,NA,0,NA,"Force a cause de vase ~ 2.2 kts"
2020,7,18,"12",9,"GP122F","20:08:41","20:13:42","        ","        ",1,NA,NA,-63.2726833333333,-63.2684166666667,48.7541,48.7534366666667,147,5.95,450,NA,NA,0,NA,"Stable ~ 2.2 kts"
2020,7,19,"12",1,"GP121F","05:27:33","05:32:34","        ","        ",1,NA,NA,-63.2401666666667,-63.2363333333333,48.6676683333333,48.6690833333333,126,5.38,375,NA,NA,0,NA,"Force a cause de vase ~ 2.2 kts"
2020,7,19,"E",2,"GP142F","06:54:46","06:59:49","        ","        ",1,NA,NA,-63.10745,-63.1064166666667,48.7132266666667,48.716015,185,6.51,525,NA,NA,0,NA,"Force a cause de vase ~ 2.2 kts"
2020,7,19,"E",3,"GP156F","08:56:21","09:01:24","        ","        ",1,NA,NA,-62.9324833333333,-62.9289666666667,48.5926333333333,48.5910633333333,200,6.4,525,NA,NA,0,NA,"Force a cause de vase ~ 2.1 kts"
2020,7,19,"12",4,"GP134F","11:02:34","11:07:35","        ","        ",1,NA,NA,-63.14855,-63.1455666666667,48.565825,48.56375,119,5.16,350,NA,NA,0,NA,"Stable ~ 2.2 kts"
2020,7,19,"E",5,"GP139F","12:06:51","12:11:52","        ","        ",1,NA,NA,-63.1387333333333,-63.1354833333333,48.551175,48.5493066666667,121,5.08,375,NA,NA,0,NA,"Force ~ 2.2 kts"
2020,7,19,"12",6,"GP115F","14:11:56","14:16:57","        ","        ",1,NA,NA,-63.3016666666667,-63.3050833333333,48.4409283333333,48.4390266666667,54,NA,150,NA,NA,0,NA,"Accroche et force ~ 2.2 kts"
2020,7,19,"12",7,"GP130F","15:40:55","15:45:57","        ","        ",1,NA,NA,-63.1733666666667,-63.17,48.3097983333333,48.307745,28,1.03,75,NA,NA,0,NA,"Stable ~ 2.2 kts"
2020,7,19,"12",8,"GP152F","16:57:27","17:02:28","        ","        ",1,NA,NA,-62.9785166666667,-62.97755,48.30996,48.3126833333333,43,0.15,125,NA,NA,0,NA,"Stable ~ 2.2 kts"
2020,7,19,"12",9,"GP138F","17:44:55","17:49:55","        ","        ",1,NA,NA,-62.9636833333333,-62.9621166666667,48.3853716666667,48.388085,45,0.39,125,NA,NA,0,NA,"Stable ~ 2.2 kts"
2020,7,19,"12",10,"GP166F","18:41:25","18:46:24","        ","        ",1,NA,NA,-62.8482666666667,-62.8444333333333,48.4170233333333,48.4157583333333,93,4.87,275,NA,NA,0,NA,"Stable ~ 2.1 kts"
2020,7,19,"E",11,"GP187F","20:11:21","20:16:23","        ","        ",1,NA,NA,-62.6369666666667,-62.63415,48.44484,48.4469883333333,188,6.57,525,NA,NA,0,NA,"Force a cause de vase ~ 2.1 kts"
2020,7,20,"F",1,"GP203F","05:45:09","05:50:11","        ","        ",1,NA,NA,-62.4413,-62.43815,48.360265,48.362135,144,6.3,425,NA,NA,0,NA,"Force a cause de vase ~ 2.2 kts"
2020,7,20,"12",2,"GP181F","07:54:59","08:00:03","        ","        ",1,NA,NA,-62.6765666666667,-62.6735833333333,48.30733,48.3094483333333,50,0.15,150,NA,NA,0,NA,"Force ~ 2.1 kts"
2020,7,20,"12",3,"GP165F","09:25:01","09:30:04","        ","        ",0,NA,NA,-62.8456166666667,-62.8427333333333,48.328755,48.3308616666667,45,0.02,125,NA,NA,0,NA,"Chalut dechire (belly) - accroche et force ~ 2.2 kts"
2020,7,20,"12",4,"GP165A1","11:01:41","11:06:44","        ","        ",1,NA,NA,-62.9158833333333,-62.91315,48.316405,48.3186866666667,42,0.1,125,NA,NA,0,NA,"Force ~ 2.1 kts"
2020,7,20,"12",5,"GP153F","12:28:42","12:33:41","        ","        ",1,NA,NA,-62.9693833333333,-62.96735,48.208485,48.2110216666667,40,0.35,125,NA,NA,0,NA,"Stable ~ 2.2 kts"
2020,7,20,"12",6,"GP169F","13:40:53","13:45:55","        ","        ",1,NA,NA,-62.8492333333333,-62.8466333333333,48.177825,48.1800183333333,41,0.35,125,NA,NA,0,NA,"Stable ~ 2.2 kts"
2020,7,20,"12",7,"GP180F","14:56:38","15:01:40","        ","        ",1,NA,NA,-62.6861,-62.6846666666667,48.1871266666667,48.1897383333333,50,1.11,150,NA,NA,0,NA,"Stable ~ 2.1 kts"
2020,7,20,"12",8,"GP185F","15:50:59","15:56:00","        ","        ",1,NA,NA,-62.6647833333333,-62.6630666666667,48.14276,48.1453016666667,54,1.19,150,NA,NA,0,NA,"Stable ~ 2.2 kts"
2020,7,20,"12",9,"GP201F","16:48:11","16:53:13","        ","        ",1,NA,NA,-62.5420333333333,-62.5389333333333,48.17254,48.1743583333333,40,0.27,125,NA,NA,0,NA,"Stable ~ 2.2 kts"
2020,7,20,"12",10,"GP207F","18:19:03","18:24:06","        ","        ",1,NA,NA,-62.2960333333333,-62.29335,48.1478883333333,48.1500466666667,43,0.19,125,NA,NA,0,NA,"Stable ~ 2.2 kts"
2020,7,20,"12",11,"GP227F","19:03:48","19:08:50","        ","        ",1,NA,NA,-62.21215,-62.2080666666667,48.1810566666667,48.1820266666667,46,0.31,150,NA,NA,0,NA,"Stable ~ 2.2 kts"
2020,7,20,"12",12,"GP230F","19:52:22","19:57:22","        ","        ",1,NA,NA,-62.1838166666667,-62.1801833333333,48.1380433333333,48.139285,48,0.27,150,NA,NA,0,NA,"Stable ~ 2.2 kts"
2020,7,21,"12",1,"GP217F","05:21:02","05:26:04","        ","        ",1,NA,NA,-62.3786333333333,-62.3746666666667,48.0785416666667,48.077685,40,0.1,125,NA,NA,0,NA,"Stable ~ 2.1 kts"
2020,7,21,"12",2,"GP200F","06:29:22","06:34:23","        ","        ",1,NA,NA,-62.5050166666667,-62.5010333333333,48.0647783333333,48.0654033333333,33,0.35,100,NA,NA,0,NA,"Stable ~ 2.1 kts"
2020,7,21,"12",3,"GP218F","07:23:31","07:28:31","        ","        ",1,NA,NA,-62.36955,-62.3656833333333,48.0341566666667,48.03304,44,0.31,125,NA,NA,0,NA,"Stable ~ 2.1 kts"
2020,7,21,"12",4,"GP236F","08:18:48","08:23:48","        ","        ",1,NA,NA,-62.2601666666667,-62.2562833333333,47.963775,47.9624666666667,41,0.63,125,NA,NA,0,NA,"Accroche et force ~ 2.2 kts"
2020,7,21,"12",5,"GP243F","09:44:12","09:49:14","        ","        ",1,NA,NA,-62.0100166666667,-62.0059333333333,48.0117833333333,48.01145,32,0.47,100,NA,NA,0,NA,"Stable ~ 2.2 kts"
2020,7,21,"12",6,"GP249F","10:31:04","10:36:06","        ","        ",0,NA,NA,-61.9838166666667,-61.9806833333333,48.0476516666667,48.0456666666667,33,0.35,100,NA,NA,0,NA,"Chalut dechire (belly) - accroche et force ~ 2.2 kts"
2020,7,21,"12",7,"GP249A1","11:56:47","12:01:48","        ","        ",1,NA,NA,-62.0604333333333,-62.0577,48.128945,48.1269683333333,41,0.39,125,NA,NA,0,NA,"Accroche et force ~ 2.2 kts"
2020,7,21,"12",8,"GP261F","13:12:25","13:17:27","        ","        ",1,NA,NA,-61.8926833333333,-61.8893833333333,48.0461966666667,48.0443683333333,34,0.23,100,NA,NA,0,NA,"Stable ~ 2.1 kts"
2020,7,21,"12",9,"GP257F","14:08:56","14:13:56","        ","        ",1,NA,NA,-61.9144833333333,-61.9113166666667,47.9865533333333,47.9846733333333,31,0.43,100,NA,NA,0,NA,"Stable ~ 2.1 kts"
2020,7,21,"12",10,"GP278F","15:33:05","15:38:07","        ","        ",1,NA,NA,-61.6739833333333,-61.6700333333333,47.9506783333333,47.9495666666667,31,0.63,100,NA,NA,0,NA,"Stable ~ 2.1 kts"
2020,7,21,"12",11,"GP290F","16:57:58","17:02:59","        ","        ",1,NA,NA,-61.4631333333333,-61.4591166666667,48.03901,48.0383666666667,37,0.31,100,NA,NA,0,NA,"Stable ~ 2.1 kts"
2020,7,21,"12",12,"GP287F","17:37:00","17:41:58","        ","        ",1,NA,NA,-61.4596333333333,-61.4579,47.9876033333333,47.9850066666667,33,0.59,100,NA,NA,0,NA,"Stable ~ 2.2 kts"
2020,7,21,"12",13,"GP303F","18:14:31","18:19:31","        ","        ",1,NA,NA,-61.3801666666667,-61.37625,47.9553483333333,47.9539233333333,31,0.63,100,NA,NA,0,NA,"Accrochages ~ 2.1 kts"
2020,7,21,"12",14,"GP300F","19:02:34","19:07:33","        ","        ",0,NA,NA,-61.3769833333333,-61.3729,47.9053033333333,47.904325,29,NA,75,NA,NA,0,NA,"Chalut dechire (poche et belly) - accroche et force ~ 2.2 kts"
2020,7,21,"12",15,"GP300A1","19:54:23","19:59:25","        ","        ",1,NA,NA,-61.30455,-61.3009,47.902885,47.9013616666667,28,1.31,75,NA,NA,0,NA,"Accroche et force ~ 2.2 kts"
2020,7,22,"12",1,"GP253F","05:21:35","05:26:37","        ","        ",1,NA,NA,-61.9420666666667,-61.9384666666667,47.6996483333333,47.6982316666667,22,1.74,75,NA,NA,0,NA,"Stable ~ 2.2 kts"
2020,7,22,"12",2,"GP242F","06:04:42","06:09:44","        ","        ",1,NA,NA,-61.9646,-61.96075,47.7071383333333,47.7056883333333,22,1.5,75,NA,NA,0,NA,"Stable ~ 2.2 kts"
2020,7,22,"12",3,"GP239F","06:47:06","06:52:08","        ","        ",1,NA,NA,-61.9033666666667,-61.9833666666667,47.67455,47.6726316666667,20,1.62,50,NA,NA,0,NA,"Stable ~ 2.1 kts"
2020,7,22,"12",4,"GP224F","08:26:14","08:31:16","        ","        ",1,NA,NA,-62.2173166666667,-62.2141,47.6513016666667,47.6494516666667,29,0.43,75,NA,NA,0,NA,"Stable ~ 2.1 kts"
2020,7,22,"12",5,"GP213F","09:45:49","09:50:51","        ","        ",1,NA,NA,-62.38945,-62.3856166666667,47.6307333333333,47.6296033333333,30,0.63,100,NA,NA,0,NA,"Accrochages ~ 2.1 kts"
2020,7,22,"12",6,"GP205F","10:39:58","10:45:00","        ","        ",1,NA,NA,-62.4677166666667,-62.4637833333333,47.5998633333333,47.59881,41,0.63,125,NA,NA,0,NA,"Stable ~ 2.1 kts"
2020,7,22,"12",7,"GP222F","11:50:57","11:56:01","        ","        ",1,NA,NA,-62.27565,-62.2717833333333,47.5577183333333,47.5565483333333,31,0.27,100,NA,NA,0,NA,"Stable ~ 2.2 kts"
2020,7,22,"12",8,"GP211F","13:01:12","13:06:14","        ","        ",1,NA,NA,-62.3957833333333,-62.3917333333333,47.5076166666667,47.506675,33,0.43,100,NA,NA,0,NA,"Stable ~ 2.1 kts"
2020,7,22,"12",9,"GP194F","14:26:33","14:31:36","        ","        ",1,NA,NA,-62.5824166666667,-62.5783166666667,47.4900066666667,47.4894216666667,37,0.39,100,NA,NA,0,NA,"Stable ~ 2.2 kts"
2020,7,22,"12",10,"GP199F","15:34:35","15:39:36","        ","        ",1,NA,NA,-62.5143833333333,-62.5126833333333,47.4276283333333,47.430195,37,0.35,100,NA,NA,0,NA,"Stable ~ 2.1 kts"
2020,7,22,"12",11,"GP219F","17:01:45","17:06:48","        ","        ",1,NA,NA,-62.3662166666667,-62.36225,47.38268,47.381865,31,0.1,100,NA,NA,0,NA,"Force ~ 2.2 kts"
2020,7,22,"12",12,"GP212F","18:07:25","18:12:26","        ","        ",1,NA,NA,-62.4516333333333,-62.4473666666667,47.3168733333333,47.3168433333333,33,0.06,100,NA,NA,0,NA,"Stable ~ 2.1 kts"
2020,7,22,"12",13,"GP196F","19:15:24","19:20:24","        ","        ",1,NA,NA,-62.5712,-62.56705,47.2769966666667,47.27634,34,0.19,100,NA,NA,0,NA,"Stable ~ 2.1 kts"
2020,7,22,"12",14,"GP188F","20:09:24","20:14:25","        ","        ",1,NA,NA,-62.63355,-62.6292333333333,47.25344,47.25398,35,0.15,10,NA,NA,0,NA,"Stable ~ 2.2 kts"
2020,7,23,"12",1,"GP234F","05:34:46","05:39:48","        ","        ",1,NA,NA,-62.24125,-62.23755,46.5837533333333,46.5852583333333,28,1.39,75,NA,NA,0,NA,"Stable ~ 2.1 kts"
2020,7,23,"12",2,"GP240F","07:04:07","07:09:09","        ","        ",1,NA,NA,-61.96315,-61.9588166666667,46.62096,46.62117,35,1.39,100,NA,NA,0,NA,"Stable ~ 2.1 kts"
2020,7,23,"12",3,"GP265F","07:51:35","07:56:33","        ","        ",1,NA,NA,-61.8424,-61.8381,46.59465,46.5949533333333,30,1.23,100,NA,NA,0,NA,"Stable ~ 2.1 kts"
2020,7,28,"12",1,"GP274F","05:32:02","05:37:07","        ","        ",1,NA,NA,-61.70635,-61.7033333333333,46.6121016666667,46.6140283333333,33,1.31,100,NA,NA,0,NA,"Stable ~ 2.1 kts"
2020,7,28,"12",2,"GP268F","06:39:09","06:44:11","        ","        ",1,NA,NA,-61.772,-61.7697833333333,46.678645,46.68103,35,1.23,100,NA,NA,0,NA,"Stable ~ 2.2 kts"
2020,7,28,"12",3,"GP259F","07:43:07","07:48:07","        ","        ",1,NA,NA,-61.8856,-61.8857333333333,46.6814683333333,46.684395,31,1.31,100,NA,NA,0,NA,"Stable ~ 2.2 kts"
2020,7,28,"12",4,"GP248F","08:44:04","08:49:08","        ","        ",1,NA,NA,-61.9744833333333,-61.9736166666667,46.7320816666667,46.7349566666667,42,1.23,125,NA,NA,0,NA,"Accroche et force ~ 2.2 kts"
2020,7,28,"12",5,"GP263F","10:25:55","        ","        ","        ",1,NA,NA,-61.8640333333333,-61.8639333333333,46.771375,46.774285,39,1.23,125,NA,NA,0,NA,"Stable ~ 2.2 kts"
2020,7,28,"12",6,"GP245F","11:33:40","11:38:43","        ","        ",1,NA,NA,-61.9877333333333,-61.9876666666667,46.7875016666667,46.7904083333333,37,1.11,100,NA,NA,0,NA,"Accroche et force ~ 2.2 kts"
2020,7,28,"12",7,"GP233F","13:36:40","13:41:42","        ","        ",1,NA,NA,-62.2108,-62.2123666666667,46.8105116666667,46.813095,37,0.59,100,NA,NA,0,NA,"Force ~ 2.1 kts"
2020,7,28,"12",8,"GP226F","14:53:37","14:58:39","        ","        ",1,NA,NA,-62.2081666666667,-62.20975,46.7057933333333,46.70843,40,0.99,125,NA,NA,0,NA,"Accroche et force ~ 2.2 kts"
2020,7,28,"12",9,"GP220F","16:18:28","16:23:30","        ","        ",1,NA,NA,-62.2955833333333,-62.29775,46.7338316666667,46.736355,36,0.83,100,NA,NA,0,NA,"Force ~ 2.1 kts"
2020,7,28,"12",10,"GP214F","17:34:22","17:39:24","        ","        ",1,NA,NA,-62.3713333333333,-62.3752,46.63864,46.6396816666667,32,1.15,100,NA,NA,0,NA,"Stable ~ 2.1 kts"
2020,7,28,"12",11,"GP192F","18:38:10","18:43:10","        ","        ",1,NA,NA,-62.5339,-62.5380833333333,46.6148183333333,46.6144233333333,27,1.54,75,NA,NA,0,NA,"Accroche et force ~ 2.1 kts"
2020,7,28,"12",12,"GP197F","19:25:59","19:31:01","        ","        ",1,NA,NA,-62.5729333333333,-62.5770833333333,46.6627033333333,46.6620183333333,29,1.03,75,NA,NA,0,NA,"Stable ~ 2.1 kts"
2020,7,28,"12",13,"GP189F","20:26:45","20:31:48","        ","        ",1,NA,NA,-62.6774833333333,-62.6794833333333,46.58091,46.5782783333333,25,1.54,75,NA,NA,0,NA,"Accroche et force ~ 2.1 kts"
2020,7,29,"12",1,"GP174F","05:37:42","05:42:42","        ","        ",1,NA,NA,-62.78415,-62.788,46.666125,46.6648766666667,28,1.07,75,NA,NA,0,NA,"Accroche et force ~ 2.2 kts"
2020,7,29,"12",2,"GP162F","06:45:24","06:50:26","        ","        ",1,NA,NA,-62.8436666666667,-62.8460166666667,46.6071483333333,46.6047783333333,29,1.11,75,NA,NA,0,NA,"Stable ~ 2.1 kts"
2020,7,29,"12",3,"GP154F","08:02:09","08:07:08","        ","        ",1,NA,NA,-63.0635,-63.0675833333333,46.6016883333333,46.6019266666667,26,1.62,75,NA,NA,0,NA,"Stable ~ 2.1 kts"
2020,7,29,"12",4,"GP133F","08:51:28","08:56:28","        ","        ",1,NA,NA,-63.1633833333333,-63.16735,46.6199816666667,46.6208733333333,24,1.78,75,NA,NA,0,NA,"Stable ~ 2.1 kts"
2020,7,29,"12",5,"GP141F","09:43:25","09:48:26","        ","        ",1,NA,NA,-63.115,-63.11815,46.676285,46.674395,25,1.31,75,NA,NA,0,NA,"Stable ~ 2.1 kts"
2020,7,29,"12",6,"GP170F","11:21:09","11:26:10","        ","        ",1,NA,NA,-62.8745833333333,-62.8773333333333,46.7065466666667,46.7044033333333,30,1.07,100,NA,NA,0,NA,"Stable ~ 2.1 kts"
2020,7,29,"12",7,"GP159F","12:49:45","12:04:47","        ","        ",1,NA,NA,-62.8341666666667,-62.8368166666667,46.835255,46.8330666666667,31,0.35,100,NA,NA,0,NA,"Stable ~ 2.1 kts"
2020,7,29,"12",8,"GP184F","14:01:01","14:06:01","        ","        ",1,NA,NA,-62.6894166666667,-62.6906,46.821225,46.81836,33,0.47,100,NA,NA,0,NA,"Stable ~ 2.1 kts"
2020,7,29,"12",9,"GP202F","14:55:35","15:00:36","        ","        ",0,NA,NA,-62.59605,-62.5975333333333,46.8312466666667,46.8284916666667,33,0.31,100,NA,NA,0,NA,"Chalut dechire (poche et belly) - accroche et force ~ 2.2 kts"
2020,7,29,"12",10,"GP202A1","16:29:27","16:34:33","        ","        ",0,NA,NA,-62.6189,-62.6197,46.7955466666667,46.79258,31,0.47,100,NA,NA,0,NA,"Chalut brise - accroche et force ~ 2.2 kts"
2020,7,29,"12",11,"GP202A2","18:15:07","18:20:11","        ","        ",1,NA,NA,-62.4954666666667,-62.4976333333333,46.802375,46.799765,33,0.23,100,NA,NA,0,NA,"Accrochages ~ 2.1 kts"
2020,7,29,"12",12,"GP206F","19:25:27","19:30:28","        ","        ",1,NA,NA,-62.43625,-62.4396166666667,46.8823233333333,46.8805783333333,35,0.1,100,NA,NA,0,NA,"Stable ~ 2.2 kts"
2020,7,29,"12",13,"GP215F","20:35:22","20:40:25","        ","        ",1,NA,NA,-62.3335666666667,-62.3378166666667,46.943725,46.9436683333333,35,0.06,100,NA,NA,0,NA,"Accrochages ~ 2.1 kts"
2020,7,30,"12",1,"GP198F","05:40:30","05:45:31","        ","        ",1,NA,NA,-62.58535,-62.5850333333333,46.9679183333333,46.9649533333333,34,0.06,100,NA,NA,0,NA,"Force ~ 2.1 kts"
2020,7,30,"12",2,"GP179F","06:51:05","06:56:07","        ","        ",1,NA,NA,-62.6877166666667,-62.6876333333333,47.0147216666667,47.0118083333333,36,0.19,100,NA,NA,0,NA,"Stable ~ 2.2 kts"
2020,7,30,"12",3,"GP176F","08:04:02","08:09:02","        ","        ",1,NA,NA,-62.7717833333333,-62.77255,46.99073,46.9879216666667,34,0.31,100,NA,NA,0,NA,"Stable ~ 2.1 kts"
2020,7,30,"12",4,"GP158F","09:27:24","09:32:25","        ","        ",1,NA,NA,-62.9187,-62.9203166666667,46.9431,46.94049,33,0.31,100,NA,NA,0,NA,"Stable ~ 2.1 kts"
2020,7,30,"12",5,"GP149F","10:28:48","10:33:49","        ","        ",1,NA,NA,-63.01235,-63.0165833333333,46.9240333333333,46.9238033333333,33,0.31,100,NA,NA,0,NA,"Stable ~ 2.1 kts"
2020,7,30,"12",6,"GP147F","11:22:54","11:27:55","        ","        ",1,NA,NA,-63.0203666666667,-63.0244166666667,46.88218,46.8830266666667,33,0.51,100,NA,NA,0,NA,"Accroche et force ~ 2.1 kts"
2020,7,30,"12",7,"GP123F","12:54:41","12:59:39","        ","        ",1,NA,NA,-63.2831,-63.2872833333333,46.8289683333333,46.8289983333333,27,0.91,75,NA,NA,0,NA,"Accrochages ~ 2.1 kts"
2020,7,30,"12",8,"GP128F","13:53:05","13:53:55","        ","        ",0,NA,NA,-63.27575,-63.2762833333333,46.7595,46.75972,24,1.35,75,NA,NA,0,NA,"Accroche avant 5 minutes - accrochages ~ 2.2 kts"
2020,7,30,"12",9,"GP128A1","14:43:09","14:48:11","        ","        ",1,NA,NA,-63.2119833333333,-63.2157333333333,46.7465133333333,46.7478033333333,26,1.42,75,NA,NA,0,NA,"Force ~ 2.2 kts"
2020,7,30,"12",10,"GP099F","17:22:34","17:27:35","        ","        ",1,NA,NA,-63.4148833333333,-63.4181833333333,46.7908966666667,46.792655,25,1.35,75,NA,NA,0,NA,"Stable ~ 2.1 kts"
2020,7,30,"12",11,"GP094F","18:17:53","18:22:55","        ","        ",1,NA,NA,-63.50155,-63.4972333333333,46.7851833333333,46.78544,23,1.62,75,NA,NA,0,NA,"Stable ~ 2.1 kts"
2020,7,30,"12",12,"GP077F","20:29:27","20:34:29","        ","        ",0,NA,NA,-63.7376833333333,-63.7334333333333,46.9609683333333,46.9605283333333,23,1.95,75,NA,NA,0,NA,"Chalut dechire (poche) - force ~ 2.2 kts"
2020,7,31,"12",1,"GP077A1","05:50:31","05:55:32","        ","        ",1,NA,NA,-63.6557,-63.6564833333333,46.8978333333333,46.8949983333333,22,1.54,75,NA,NA,0,NA,"Stable ~ 2.1 kts"
2020,7,31,"12",2,"GP084F","06:42:28","06:47:29","        ","        ",1,NA,NA,-63.5838833333333,-63.5850666666667,46.924865,46.9220616666667,25,0.75,75,NA,NA,0,NA,"Stable ~ 2.1 kts"
2020,7,31,"12",3,"GP113F","08:17:06","08:22:09","        ","        ",1,NA,NA,-63.32235,-63.3185,46.9106383333333,46.911805,30,0.83,100,NA,NA,0,NA,"Stable ~ 2.1 kts"
2020,7,31,"12",4,"GP127F","09:22:30","09:27:31","        ","        ",1,NA,NA,-63.20095,-63.19905,46.9589166666667,46.956335,32,0.35,100,NA,NA,0,NA,"Stable ~ 2.1 kts"
2020,7,31,"12",5,"GP125F","10:28:35","10:33:38","        ","        ",1,NA,NA,-63.2900666666667,-63.28595,47.00896,47.008435,32,0.39,100,NA,NA,0,NA,"Accroche et force ~ 2.1 kts"
2020,7,31,"12",6,"GP106F","11:21:11","11:26:14","        ","        ",1,NA,NA,-63.3213166666667,-63.3204333333333,47.0799816666667,47.08278,31,0.39,100,NA,NA,0,NA,"Stable ~ 2.1 kts"
2020,7,31,"12",7,"GP080F","13:02:41","13:07:43","        ","        ",0,NA,NA,-63.5297833333333,-63.5265333333333,47.168,47.1660233333333,32,-0.06,100,NA,NA,0,NA,"Chalut dechire (aile et belly) - accroche et force ~ 2.2 kts"
2020,7,31,"12",8,"GP080A1","14:19:45","14:24:46","        ","        ",0,NA,NA,-63.6051333333333,-63.6015666666667,47.15199,47.1502833333333,28,0.06,75,NA,NA,0,NA,"Chalut dechire (poche) - force ~ 2.2 kts"
2020,7,31,"12",9,"GP080A2","15:14:33","15:19:32","        ","        ",1,NA,NA,-63.4829333333333,-63.4786,47.1873483333333,47.187475,31,-0.06,100,NA,NA,0,NA,"Accroche et force ~ 2.2 kts"
2020,7,31,"12",10,"GP088F","16:10:45","16:15:47","        ","        ",1,NA,NA,-63.5576333333333,-63.5588,47.10842,47.1055816666667,30,0.19,100,NA,NA,0,NA,"Accroche et force ~ 2.1 kts"
2020,7,31,"12",11,"GP068F","17:10:20","17:15:22","        ","        ",1,NA,NA,-63.7007333333333,-63.70445,47.0936233333333,47.09226,29,0.49,75,NA,NA,0,NA,"Stable ~ 2.2 kts"
2020,7,31,"12",12,"GP076F","18:34:06","18:39:06","        ","        ",1,NA,NA,-63.6435333333333,-63.6421166666667,47.2343166666667,47.23703,35,-0.06,100,NA,NA,0,NA,"Stable ~ 2.1 kts"
2020,7,31,"12",13,"GP061F","19:42:18","19:47:18","        ","        ",1,NA,NA,-63.7627333333333,-63.7659333333333,47.195645,47.19375,30,0.19,100,NA,NA,0,NA,"Stable ~ 2.2 kts"
2020,8,1,"12",1,"GP049F","05:49:20","05:50:36","        ","        ",0,NA,NA,-63.8521333333333,-63.852,47.1936666666667,47.1931733333333,20,2.09,50,NA,NA,0,NA,"Accroche avant 5 minutes - accroche et force ~ 2.0 kts"
2020,8,1,"12",2,"GP049A1","06:27:06","06:32:07","        ","        ",1,NA,NA,-63.8477333333333,-63.8466666666667,47.1458516666667,47.1428966666667,21,2.97,75,NA,NA,0,NA,"Accroche et force ~ 2.2 kts"
2020,8,1,"12",3,"GP026F","08:46:20","08:51:23","        ","        ",1,NA,NA,-64.1881,-64.1888333333333,47.1062866666667,47.0868033333333,21,2.7,75,NA,NA,0,NA,"Accrochages ~ 2.1 kts"
2020,8,1,"12",4,"GP024F","10:01:19","10:06:21","        ","        ",1,NA,NA,-64.24545,-64.2474166666667,47.19069,47.18821,22,1.06,75,NA,NA,0,NA,"Stable ~ 2.1 kts"
2020,8,1,"12",5,"GP036F","11:17:45","11:22:48","        ","        ",1,NA,NA,-64.0969333333333,-64.09995,47.228725,47.2266366666667,21,1.7,75,NA,NA,0,NA,"Stable ~ 2.1 kts"
2020,8,1,"12",6,"GP046F","12:51:45","12:56:45","        ","        ",1,NA,NA,-63.94805,-63.9518333333333,47.3351766666667,47.3337733333333,22,1.31,75,NA,NA,0,NA,"Stable ~ 2.1 kts"
2020,8,1,"12",7,"GP067F","14:09:13","14:14:14","        ","        ",1,NA,NA,-63.8028666666667,-63.8058333333333,47.368875,47.367,35,1.43,100,NA,NA,0,NA,"Stable ~ 2.2 kts"
2020,8,1,"12",8,"GP091F","15:58:56","16:04:00","        ","        ",0,NA,NA,-63.5950333333333,-63.59895,47.4953066666667,47.4940383333333,36,0.26,100,NA,NA,0,NA,"Chalut brise - accroche et force ~ 2.2 kts"
2020,8,1,"12",9,"GP091A1","16:53:07","16:58:08","        ","        ",1,NA,NA,-63.5995833333333,-63.5977666666667,47.4796866666667,47.4769916666667,40,0.21,125,NA,NA,0,NA,"Force a cause de vase ~ 2.2 kts"
2020,8,1,"12",10,"GP066F","18:04:34","18:09:35","        ","        ",0,NA,NA,-63.71865,-63.7189666666667,47.511335,47.5085066666667,38,0.26,125,NA,NA,0,NA,"Chalut dechire (poche et belly) - accroche et force ~ 2.2 kts"
2020,8,1,"12",11,"GP066A1","19:22:32","19:27:31","        ","        ",1,NA,NA,-63.78755,-63.7854666666667,47.47169,47.4690883333333,38,0.26,125,NA,NA,0,NA,"Force a cause de vase ~ 2.1 kts"
2020,8,1,"12",12,"GP048F","20:13:43","20:18:45","        ","        ",1,NA,NA,-63.8334833333333,-63.8318833333333,47.4463216666667,47.4436333333333,34,0.3,100,NA,NA,0,NA,"Stable ~ 2.2 kts"
2020,8,2,"12",1,"GP050F","05:40:34","05:45:36","        ","        ",1,NA,NA,-63.9012166666667,-63.8981333333333,47.4857033333333,47.4876616666667,32,0.34,100,NA,NA,0,NA,"Stable ~ 2.1 kts"
2020,8,2,"12",2,"GP044F","07:19:14","07:24:16","        ","        ",1,NA,NA,-64.0897666666667,-64.0860666666667,47.4106716666667,47.4122716666667,21,1.31,75,NA,NA,0,NA,"Accroche et force ~ 2.2 kts"
2020,8,2,"12",3,"GP025F","08:56:06","09:01:04","        ","        ",1,NA,NA,-64.1914666666667,-64.1891833333333,47.3112383333333,47.3136766666667,25,1.03,75,NA,NA,0,NA,"Stable ~ 2.2 kts"
2020,8,2,"12",4,"GP016F","10:30:20","10:35:24","        ","        ",1,NA,NA,-64.439,-64.4429,47.3011783333333,47.2999916666667,22,0.46,75,NA,NA,0,NA,"Stable ~ 2.2 kts"
2020,8,2,"12",5,"GP023F","11:41:23","11:46:25","        ","        ",1,NA,NA,-64.2883333333333,-64.2847333333333,47.3553433333333,47.3568366666667,28,0.13,75,NA,NA,0,NA,"Force a cause de vase ~ 2.2 kts"
2020,8,2,"12",6,"GP019F","12:35:40","12:40:40","        ","        ",1,NA,NA,-64.3454333333333,-64.3476833333333,47.432355,47.43479,29,1.37,100,NA,NA,0,NA,"Force a cause de vase ~ 2.2 kts"
2020,8,2,"12",7,"GP018F","13:27:45","13:32:49","        ","        ",1,NA,NA,-64.39585,-64.3929,47.4989533333333,47.50115,25,1.29,75,NA,NA,0,NA,"Stable ~ 2.2 kts"
2020,8,2,"12",8,"GP028F","14:50:34","14:55:34","        ","        ",1,NA,NA,-64.1838666666667,-64.1796833333333,47.5416033333333,47.5417633333333,35,0.34,100,NA,NA,0,NA,"Force a cause de vase ~ 2.1 kts"
2020,8,2,"12",9,"GP032F","15:30:10","15:35:11","        ","        ",1,NA,NA,-64.1356333333333,-64.13145,47.55002,47.5505383333333,36,0.3,100,NA,NA,0,NA,"Force a cause de vase ~ 2.2 kts"
2020,8,2,"12",10,"GP022F","16:36:46","16:41:48","        ","        ",1,NA,NA,-64.1587166666667,-64.1603333333333,47.6561583333333,47.6589366666667,38,0.3,125,NA,NA,0,NA,"Force a cause de vase ~ 2.2 kts"
2020,8,2,"12",11,"GP030F","17:17:23","17:22:24","        ","        ",1,NA,NA,-64.1575666666667,-64.1568166666667,47.6951,47.6980216666667,39,0.3,125,NA,NA,0,NA,"Force a cause de vase ~ 2.2 kts"
2020,8,2,"12",12,"GP040F","17:57:05","18:02:04","        ","        ",1,NA,NA,-64.0974833333333,-64.0936333333333,47.68041,47.67898,41,0.3,125,NA,NA,0,NA,"Force a cause de vase ~ 2.2 kts"
2020,8,2,"12",13,"GP042F","19:02:20","19:07:20","        ","        ",1,NA,NA,-64.0089833333333,-64.0064833333333,47.7597033333333,47.7620616666667,45,0.38,125,NA,NA,0,NA,"Force a cause de vase ~ 2.2 kts"
2020,8,2,"12",14,"GP041F","19:49:35","19:54:35","        ","        ",1,NA,NA,-64.0192,-64.0164166666667,47.8219833333333,47.8242533333333,43,0.38,125,NA,NA,0,NA,"Force a cause de vase ~ 2.1 kts"
2020,8,3,"12",1,"GP015F","05:48:31","05:53:39","        ","        ",1,NA,NA,-64.4688,-64.4652,48.116525,48.1181816666667,25,0.78,75,NA,NA,0,NA,"Accrochages ~ 2.1 kts"
2020,8,3,"12",2,"GP012F","08:01:18","08:06:19","        ","        ",1,NA,NA,-64.7741666666667,-64.77135,48.0641866666667,48.0663766666667,45,0.46,125,NA,NA,0,NA,"Force a cause de vase ~ 2.2 kts"
2020,8,3,"12",3,"GP010F","09:42:18","09:47:25","        ","        ",1,NA,NA,-64.9906166666667,-64.9871166666667,48.0414033333333,48.0432,47,0.46,150,NA,NA,0,NA,"Force a cause de vase ~ 2.2 kts"
2020,8,3,"12",4,"GP011F","11:00:04","11:05:04","        ","        ",1,NA,NA,-65.0156,-65.0124166666667,47.9498016666667,47.9517116666667,43,0.38,125,NA,NA,0,NA,"Force a cause de vase ~ 2.1 kts"
2020,8,3,"12",5,"GP007F","12:23:16","12:28:18","        ","        ",1,NA,NA,-65.18835,-65.1858,47.9272866666667,47.929705,41,0.42,125,NA,NA,0,NA,"Force a cause de vase ~ 2.2 kts"
2020,8,3,"12",6,"GP005F","13:37:35","13:42:36","        ","        ",1,NA,NA,-65.3477,-65.3442,47.9548783333333,47.9565683333333,26,1.17,75,NA,NA,0,NA,"Stable ~ 2.1 kts"
2020,8,3,"12",7,"GP001F","15:32:41","15:37:42","        ","        ",1,NA,NA,-65.6279,-65.62735,47.9736916666667,47.976665,25,1.76,75,NA,NA,0,NA,"Force a cause du gravier"
2020,8,3,"12",8,"GP003F","16:49:34","16:54:35","        ","        ",1,NA,NA,-65.49055,-65.48725,47.913035,47.9149133333333,30,0.94,100,NA,NA,0,NA,"Stable ~ 2.2 kts"
2020,8,3,"12",9,"GP004F","17:39:07","17:44:15","        ","        ",1,NA,NA,-65.4801,-65.47725,47.8611083333333,47.8631,32,0.5,100,NA,NA,0,NA,"Force a cause de vase ~ 2.2 kts"
2020,8,3,"12",10,"GP002F","18:44:27","18:49:27","        ","        ",1,NA,NA,-65.5420833333333,-65.539,47.7846633333333,47.786635,22,1.06,75,NA,NA,0,NA,"Force a cause de vase ~ 2.2 kts"
2020,8,3,"12",11,"GP006F","20:42:14","20:47:15","        ","        ",1,NA,NA,-65.2086666666667,-65.2055166666667,47.8945833333333,47.896525,39,0.46,125,NA,NA,0,NA,"Force a cause de vase ~ 2.2 kts"
2020,8,4,"12",1,"GP008F","06:04:57","06:09:59","        ","        ",1,NA,NA,-65.14115,-65.1370333333333,47.8958833333333,47.8959683333333,42,0.38,125,NA,NA,0,NA,"Force a cause de vase ~ 2.2 kts"
2020,8,4,"12",2,"GP009F","07:03:12","07:08:11","        ","        ",1,NA,NA,-64.9894166666667,-64.9848,47.8868866666667,47.8867116666667,27,0.46,75,NA,NA,0,NA,"Variable 2 a 2.4 noeuds"
