Date,Esonar file,GPA_lat_end,GPA_lat_start,GPA_lon_end,GPA_lon_start,GPA_time_end,GPA_time_start,GPNumber,Start_odii_Tilt_file,Tow Quality,Trawl Number,Zone
11.07.2019,GP004A1.TXT,4619.6072,4619.5842,06158.526,06158.561,12:44:36,12:44:21,GP004A1,H941GP004A1,Bad,8,Zone12
12.07.2019,GP354F.TXT,4722.9132,4723.0837,06023.410,06023.319,05:17:49,05:12:48,GP354F,H941GP354F,Good,1,ZoneF
12.07.2019,GP351F.TXT,4725.8858,4725.7918,06028.036,06027.820,06:59:56,06:55:00,GP351F,H941GP351F,Good,2,Zone12
12.07.2019,GP353F.TXT,4731.2936,4731.1775,06024.029,06023.825,08:48:28,08:43:30,GP353F,H941GP353F,Bad,3,ZoneF
12.07.2019,GP353FR.TXT,4731.4434,4731.3165,06024.335,06024.158,09:56:52,09:02:05,GP353FR,H941GP353FR,Good,4,ZoneF
12.07.2019,GP352F.TXT,4733.4279,4733.2852,06026.452,06026.296,11:15:13,10:22:54,GP352F,H941GP352F,Good,5,ZoneF
12.07.2019,GP350F.TXT,4730.6756,4730.5341,06029.091,06028.927,12:37:49,12:32:50,GP350F,H941GP350F,Good,6,ZoneF
12.07.2019,GP346F.TXT,4728.9302,4728.8149,06036.695,06036.506,14:01:44,13:56:42,GP346F,H941GP346F,Good,7,ZoneF
12.07.2019,GP342F.TXT,4734.2210,4734.0967,06041.679,06041.499,15:12:20,15:07:20,GP342F,H941GP342F,Good,8,ZoneF
12.07.2019,GP334F.TXT,4733.7822,4733.6760,06052.000,06051.781,16:37:22,16:32:21,GP334F,H941GP334F,Bad,9,ZoneF
12.07.2019,GP334A1.TXT,4739.9441,4739.8138,06052.473,06052.295,17:56:26,17:51:26,GP334A1,H941GP334A1,Bad,10,ZoneF
12.07.2019,GP323F.TXT,4737.6218,4737.5321,06100.376,06100.156,19:53:57,19:48:54,GP323F,H941GP323F,Good,11,ZoneF
13.07.2019,GP334A2.TXT,4739.6855,4739.5970,06045.553,06045.313,05:47:57,05:42:53,GP334A2,H941GP334A2,Bad,1,ZoneF
13.07.2019,GP334A3.TXT,4733.5681,4733.5041,06050.759,06050.515,09:13:16,09:08:14,GP334A3,H941GP334A3,Good,2,ZoneF
13.07.2019,GP344F.TXT,4744.5269,4744.4165,06040.677,06040.461,11:28:02,11:23:02,GP344F,H941GP344F,Good,3,ZoneF
13.07.2019,GP341F.TXT,4749.0192,4748.9032,06041.532,06041.330,14:11:22,14:06:21,GP341F,H941GP341F,Good,4,ZoneF
13.07.2019,GP335F.TXT,4746.2328,4746.1303,06050.066,06049.855,15:48:27,15:43:25,GP335F,H941GP335F,Good,5,ZoneF
13.07.2019,GP331F.TXT,4750.0042,4749.8498,06054.072,06053.937,16:47:53,16:42:53,GP331F,H941GP331F,Good,6,ZoneF
13.07.2019,GP325F.TXT,4747.0546,4746.9180,06057.256,06057.081,17:50:59,17:45:57,GP325F,H941GP325F,Good,7,ZoneF
13.07.2019,GP326F.TXT,4749.3152,4749.2032,06058.748,06058.548,19:03:58,18:58:58,GP326F,H941GP326F,Good,8,ZoneF
13.07.2019,GP315F.TXT,4750.6603,4750.5614,06105.507,06105.293,20:08:51,20:03:51,GP315F,H941GP315F,Good,9,ZoneF
14.07.2019,GP324F.TXT,4754.9166,4754.7860,06058.027,06057.838,05:26:34,05:21:27,GP324F,H941GP324F,Good,1,ZoneF
14.07.2019,GP313F.TXT,4758.1095,4758.035,06106.430,06106.198,06:47:21,06:42:20,GP313F,H941GP313F,Good,2,ZoneF
14.07.2019,GP320F.TXT,4802.1084,4801.9379,06101.191,06101.108,08:15:14,08:10:12,GP320F,H941GP320F,Good,3,Zone12
14.07.2019,GP312F.TXT,4804.7951,4804.6699,06106.892,06106.710,09:57:43,09:52:41,GP312F,H941GP312F,Good,4,Zone12
14.07.2019,GP316F.TXT,4811.7144,4811.5551,06114.439,06114.314,11:53:39,11:48:35,GP316F,H941GP316F,Good,5,Zone12
14.07.2019,GP295F.TXT,4805.7417,4806.6535,06124.264,06124.033,14:12:33,14:07:32,GP295F,H941GP295F,Good,6,ZoneE
14.07.2019,GP293F.TXT,4813.2077,4813.0331,06125.852,06125.759,15:46:14,15:41:13,GP293F,H941GP293F,Good,7,Zone12
14.07.2019,GP282F.TXT,4813.6005,4813.484,06136.708,06136.514,17:45:55,17:40:54,GP282F,H941GP282F,Good,8,ZoneE
14.07.2019,GP273F.TXT,4806.8597,4806.6981,06142.643,06142.534,20:01:22,19:56:22,GP273F,H941GP273F,Good,9,Zone12
15.07.2019,GP269F.TXT,4817.1409,4816.983,06146.817,6146.967,05:32:29,05:27:27,GP269F,H941GP269F,Good,1,ZoneE
15.07.2019,GP260F.TXT,4814.315,4814.135,06153.083,06153.063,07:35:06,07:30:05,GP260F,H941GP260F,Good,2,ZoneE
15.07.2019,GP250F.TXT,4817.157,4817.0193,6156.776,06156.605,09:03:17,08:58:21,GP250F,H941GP250F,Good,3,ZoneE
15.07.2019,GP251F.TXT,4814.1034,4814.2228,06201.268,06201.077,10:22:01,10:16:59,GP251F,H941GP251F,Bad,4,ZoneE
15.07.2019,GP251A1.TXT,4813.4351,4813.4780,06159.020,06159.274,11:14:39,11:09:38,GP251A1,H941GP251A1,Bad,5,ZoneE
15.07.2019,GP251A2.TXT,4814.9362,4814.8661,06157.152,06156.895,12:25:23,12:20:24,GP251A2,H941GP251A2,Good,6,ZoneE
15.07.2019,GP237F.TXT,4821.6739,4821.5555,06206.922,06206.716,14:16:28,14:11:25,GP237F,H941GP237F,Good,7,ZoneE
15.07.2019,GP235F.TXT,4824.1614,4824.3489,06207.102,06207.105,16:08:53,16:03:51,GP235F,H941GP235F,Good,8,ZoneE
15.07.2019,GP208F.TXT,4815.9843,4816.1401,06222.540,06222.681,19:13:07,19:08:05,GP208F,H941GP208F,Good,9,Zone12
15.07.2019,GP207F.TXT,4809.0940,4809.2411,06217.852,06218.009,20:27:14,20:22:12,GP207F,H941GP207F,Good,10,Zone12
16.07.2019,GP227F.TXT,4811.1083,4811.1452,06212.533,06212.780,05:34:46,05:29:44,GP227F,H941GP227F,Good,1,Zone12
16.07.2019,GP230F.TXT,4808.4806,4808.5357,06210.927,06211.193,06:31:24,06:26:22,GP230F,H941GP230F,Good,2,Zone12
16.07.2019,GP249F.TXT,4802.7173,4802.6978,06158.758,06159.032,08:10:18,08:05:20,GP249F,H941GP249F,Good,3,Zone12
16.07.2019,GP243F.TXT,4800.8017,4800.9578,06200.486,06200.336,08:51:36,08:46:35,GP243F,H941GP243F,Good,4,Zone12
16.07.2019,GP261F.TXT,4802.5918,4802.6075,06153.043,06153.327,09:48:30,09:43:28,GP261F,H941GP261F,Good,5,Zone12
16.07.2019,GP257F.TXT,4759.0498,4759.1384,06154.628,06154.861,10:47:07,10:42:05,GP257F,H941GP257F,Good,6,Zone12
16.07.2019,GP278F.TXT,4757.0504,4757.1167,06140.054,06140.307,12:17:57,12:12:55,GP278F,H941GP278F,Good,7,Zone12
16.07.2019,GP287F.TXT,4801.7270,4801.7956,06133.144,06133.396,13:36:26,13:31:25,GP287F,H941GP287F,Good,8,Zone12
16.07.2019,GP290F.TXT,4802.5448,4802.5024,06127.432,06127.694,14:25:53,14:20:51,GP290F,H941GP290F,Good,9,Zone12
16.07.2019,GP303F.TXT,4757.1987,4757.3626,06122.663,06122.780,15:32:26,15:27:27,GP303F,H941GP303F,Good,10,Zone12
16.07.2019,GP300F.TXT,4754.2043,4754.3921,06122.609,06122.629,16:14:59,16:09:59,GP300F,H941GP300F,Good,11,Zone12
16.07.2019,GP281F.TXT,4753.7186,4753.6821,06144.603,06144.334,18:25:21,18:20:22,GP281F,H941GP281F,Good,12,Zone12
16.07.2019,GP258F.TXT,4751.8615,4751.9102,06154.629,06154.367,19:37:38,19:32:37,GP258F,H941GP258F,Good,13,Zone12
16.07.2019,GP247F.TXT,4752.0516,4752.0453,06158.959,06159.228,20:29:49,20:24:48,GP247F,H941GP247F,Good,14,Zone12
17.07.2019,GP223F.TXT,4750.4078,4750.2961,06211.040,06211.240,05:34:28,05:29:26,GP223F,H941GP223F,Good,1,Zone12
17.07.2019,GP216F.TXT,4745.6385,4745.5433,06222.660,06222.891,07:15:14,07:10:11,GP216F,H941GP216F,Good,2,Zone12
17.07.2019,GP195F.TXT,4745.3468,4745.2125,06234.954,06235.140,08:48:31,08:43:25,GP195F,H941GP195F,Good,3,Zone12
17.07.2019,GP205F.TXT,4736.0800,4735.9269,06227.875,06228.007,10:33:49,10:28:47,GP205F,H941GP205F,Good,4,Zone12
17.07.2019,GP213F.TXT,4737.9734,4737.8700,06223.151,06223.310,11:32:14,11:27:10,GP213F,H941GP213F,Good,5,Zone12
17.07.2019,GP228F.TXT,4743.6268,4743.4841,06212.517,06212.691,12:56:35,12:51:35,GP228F,H941GP228F,Good,6,Zone12
17.07.2019,GP242F.TXT,4742.5069,4742.3591,06157.544,06157.686,14:38:16,14:33:14,GP242F,H941GP242F,Good,7,Zone12
17.07.2019,GP253F.TXT,4741.9957,4741.8494,06156.151,06156.302,15:24:55,15:19:53,GP253F,H941GP253F,Good,8,Zone12
17.07.2019,GP239F.TXT,4739.7373,4739.6548,06204.973,06200.060,16:43:44,16:40:34,GP239F,H941GP239F,Bad,9,Zone12
17.07.2019,GP239A1.TXT,4740.5491,4740.4164,06158.970,06159.153,18:12:42,18:07:42,GP239A1,H941GP239A1,Good,10,Zone12
17.07.2019,GP224F.TXT,4739.2243,4739.0797,06212.956,06213.114,19:55:11,19:50:14,GP224F,H941GP224F,Good,11,Zone12
18.07.2019,GP222F.TXT,4733.4317,4733.5800,06216.688,06216.835,05:34:23,05:29:21,GP222F,H941GP222F,Good,1,Zone12
18.07.2019,GP211F.TXT,4730.3531,4730.5116,06223.582,06223.699,06:55:02,06:50:01,GP211F,H941GP211F,Good,2,Zone12
18.07.2019,GP194F.TXT,4729.2502,4729.4117,06234.724,06234.877,08:26:09,08:21:10,GP194F,H941GP194F,Good,3,Zone12
18.07.2019,GP186F.TXT,4729.1276,4729.2784,06239.422,06239.563,09:26:07,09:21:06,GP186F,H941GP186F,Good,4,Zone12
18.07.2019,GP182F.TXT,4726.4454,4726.5854,06240.791,06240.953,10:17:57,10:12:56,GP182F,H941GP182F,Good,5,Zone12
18.07.2019,GP199F.TXT,4725.7015,4725.7836,06230.852,06231.091,11:29:47,11:24:46,GP199F,H941GP199F,Good,6,Zone12
18.07.2019,GP219F.TXT,4723.0708,4723.1489,06221.627,06221.857,12:40:02,12:35:01,GP219F,H941GP219F,Good,7,Zone12
18.07.2019,GP212F.TXT,4719.0956,4719.1659,06226.835,06227.085,13:50:12,13:45:08,GP212F,H941GP212F,Good,8,Zone12
18.07.2019,GP196F.TXT,4716.6881,4716.7268,06234.035,06234.301,15:16:50,15:11:49,GP196F,H941GP196F,Good,9,Zone12
25.07.2019,GP159F.TXT,4650.0290,4650.1974,06250.290,06250.259,05:43:23,05:38:21,GP159F,H941GP159F,Good,1,Zone12
25.07.2019,GP184F.TXT,4648.2574,4648.426,06240.576,06240.521,07:34:20,07:29:17,GP184F,H941GP184F,Bad,2,Zone12
25.07.2019,GP184A1.TXT,4652.9533,4653.1237,06241.942,06241.896,08:52:23,08:47:22,GP184A1,H941GP184A1,Bad,3,Zone12
25.07.2019,GP184A2.TXT,4650.1868,4650.3632,06240.788,06240.782,09:47:26,09:42:25,GP184A2,H941GP184A2,Bad,4,Zone12
25.07.2019,GP184A3.TXT,4649.1536,4649.3271,06241.648,06241.641,10:46:29,10:41:28,GP184A3,H941GP184A3,Good,5,Zone12
25.07.2019,GP202F.TXT,4650.1234,4650.2988,06236.096,06236.080,12:10:05,12:05:04,GP202F,H941GP202F,Bad,6,Zone12
25.07.2019,GP202A1.TXT,4647.8014,4647.9705,06231.881,06231.825,13:11:45,13:06:46,GP202A1,H941GP202A1,Bad,7,Zone12
25.07.2019,GP202A2.TXT,4649.7572,4649.9292,06236.018,06235.973,14:12:41,14:07:40,GP202A2,H941GP202A2,Good,8,Zone12
25.07.2019,GP198F.TXT,4653.4071,4653.5722,06230.115,06230.022,15:30:51,15:25:50,GP198F,H941GP198F,Bad,9,Zone12
25.07.2019,GP198A1.TXT,4657.8239,4657.9909,06235.243,06235.152,16:52:44,16:47:43,GP198A1,H941GP198A1,Good,10,Zone12
25.07.2019,GP206F.TXT,4652.8480,4652.6801,06226.020,06226.135,18:40:38,18:35:33,GP206F,H941GP206F,Good,11,Zone12
25.07.2019,GP233F.TXT,4648.7247,4648.7790,06212.706,06212.956,20:26:36,20:21:35,GP233F,H941GP233F,Good,12,Zone12
26.07.2019,GP220F.TXT,4644.1021,4644.0211,06217.921,06218.152,05:40:17,05:35:15,GP220F,H941GP220F,Good,1,Zone12
26.07.2019,GP226F.TXT,4642.2739,4642.3500,06212.518,06212.759,07:04:10,06:59:10,GP226F,H941GP226F,Good,2,Zone12
26.07.2019,GP240F.TXT,4633.6487,4633.7924,06205.060,06205.218,08:43:31,08:38:27,GP240F,H941GP240F,Bad,3,Zone12
26.07.2019,GP240A1.TXT,4635.4744,4635.4618,06201.566,06201.841,09:53:55,09:48:55,GP240A1,H941GP240A1,Bad,4,Zone12
26.07.2019,GP240A2.TXT,4637.2681,4637.4479,06157.798,06157.822,11:11:02,11:06:00,GP240A2,H941GP240A2,Good,5,Zone12
26.07.2019,GP234F.TXT,4635.1304,4635.1038,06214.336,06214.589,13:14:32,13:09:31,GP234F,H941GP234F,Good,6,Zone12
26.07.2019,GP214F.TXT,4638.4036,4638.3074,06222.618,06222.408,14:29:50,14:24:48,GP214F,H941GP214F,Good,7,Zone12
26.07.2019,GP192F.TXT,4636.8164,4636.8519,06232.332,06232.076,15:43:46,15:38:47,GP192F,H941GP192F,Good,8,Zone12
26.07.2019,GP197F.TXT,4639.7837,4639.6700,06234.671,06234.468,16:41:11,16:36:10,GP197F,H941GP197F,Good,9,Zone12
26.07.2019,GP189F.TXT,4636.6566,4636.8121,06237.915,06237.788,17:31:52,17:26:50,GP189F,H941GP189F,Bad,10,Zone12
26.07.2019,GP189A1.TXT,4634.5868,4634.7148,06240.939,06240.748,18:26:22,18:21:22,GP189A1,H941GP189A1,Good,11,Zone12
26.07.2019,GP162F.TXT,4636.2632,4636.2021,06250.819,06250.575,19:42:46,19:37:46,GP162F,H941GP162F,Good,12,Zone12
26.07.2019,GP174F.TXT,4639.8365,4639.7216,06247.187,06247.385,20:34:31,20:29:30,GP174F,H941GP174F,Good,13,Zone12
27.07.2019,GP170F.TXT,4642.3816,4642.2474,06252.626,06252.800,06:33:38,06:28:36,GP170F,H941GP170F,Good,1,Zone12
27.07.2019,GP154F.TXT,4636.1167,4636.0055,06303.976,06204.182,08:25:05,08:20:01,GP154F,H941GP154F,Good,2,Zone12
27.07.2019,GP133F.TXT,4637.3065,4637.186,06309.992,06310.174,09:30:11,09:25:10,GP133F,H941GP133F,Good,3,Zone12
27.07.2019,GP141F.TXT,4640.5458,4640.4013,06307.121,06307.269,10:26:28,10:21:24,GP141F,H941GP141F,Good,4,Zone12
27.07.2019,GP128F.TXT,4644.2449,4644.2753,06314.042,06314.300,11:46:43,11:41:42,GP128F,H941GP128F,Bad,5,Zone12
27.07.2019,GP128A1.TXT,4639.5959,4639.6333,06315.906,06316.153,12:50:24,12:45:22,GP128A1,H941GP128A1,Bad,6,Zone12
27.07.2019,GP128A2.TXT,4645.4883,4645.4351,06316.560,06316.819,14:10:07,14:05:07,GP128A2,H941GP128A2,Good,7,Zone12
27.07.2019,GP094F.TXT,4647.1874,4647.0366,06329.721,06329.877,15:59:26,15:54:27,GP094F,H941GP094F,Good,8,Zone12
27.07.2019,GP099F.TXT,4647.5700,4647.4364,06325.239,06325.418,16:51:07,16:46:06,GP099F,H941GP099F,Good,9,Zone12
27.07.2019,GP123F.TXT,4649.6315,4649.5722,06317.010,06317.252,17:53:09,17:48:08,GP123F,H941GP123F,Good,10,Zone12
27.07.2019,GP147F.TXT,4653.0056,4652.9026,06301.106,06301.320,19:35:07,19:30:06,GP147F,H941GP147F,Good,11,Zone12
27.07.2019,GP149F.TXT,4655.5958,4655.4783,06300.935,06301.124,20:20:32,20:15:30,GP149F,H941GP149F,Good,12,Zone12
28.07.2019,GP158F.TXT,4656.4283,4656.3902,06254.784,06255.038,05:57:02,05:52:01,GP158F,H941GP158F,Good,1,Zone12
28.07.2019,GP176F.TXT,4659.3038,4659.1696,06246.152,06246.308,07:25:47,07:20:45,GP176F,H941GP176F,Good,2,Zone12
28.07.2019,GP179F.TXT,4700.8302,4700.7033,06241.189,06241.358,08:50:05,08:45:11,GP179F,H941GP179F,Good,3,Zone12
28.07.2019,GP163F.TXT,4705.8524,4705.7307,06252.518,06252.719,10:31:06,10:25:59,GP163F,H941GP163F,Good,4,Zone12
28.07.2019,GP150F.TXT,4703.1535,4703.1339,06258.703,06258.736,11:41:04,11:39:58,GP150F,H941GP150F,Bad,5,Zone12
28.07.2019,GP150A1.TXT,4703.3508,4703.2379,06301.943,06302.170,12:42:57,12:37:56,GP150A1,H941GP150A1,Bad,6,Zone12
28.07.2019,GP150A2.TXT,4705.5340,4705.4229,06305.627,06305.844,13:48:36,13:43:41,GP150A2,H941GP150A2,Good,7,Zone12
28.07.2019,GP127F.TXT,4657.5739,4657.4591,06311.903,06312.093,15:35:28,15:30:27,GP127F,H941GP127F,Good,8,Zone12
28.07.2019,GP125F.TXT,4700.417,4700.2584,6317.159,06317.280,16:58:54,16:53:53,GP125F,H941GP125F,Good,9,Zone12
28.07.2019,GP113F.TXT,4654.6256,4654.4564,06318.940,06319.064,18:16:10,18:11:01,GP113F,H941GP113F,Good,10,Zone12
28.07.2019,GP084F.TXT,4657.3665,4657.2000,06330.778,06330.876,19:55:44,19:50:46,GP084F,H941GP084F,Bad,11,Zone12
28.07.2019,GP084A1.TXT,4659.2294,4659.0751,06333.685,06333.837,20:44:24,20:39:16,GP084A1,H941GP084A1,Bad,12,Zone12
29.07.2019,GP084A2.TXT,4655.3504,4655.1916,06334.889,06335.022,05:49:28,05:44:26,GP084A2,H951GP084A2,Good,1,Zone12
29.07.2019,GP077F.TXT,4657.7337,4657.6332,06343.915,06344.113,07:14:26,07:09:28,GP077F,H951GP077F,Good,2,Zone12
29.07.2019,GP068F.TXT,4705.7659,4705.6788,06342.257,06342.488,08:39:58,08:34:52,GP068F,H951GP068F,Good,3,Zone12
29.07.2019,GP049F.TXT,4711.8952,4711.8815,06348.720,06348.977,10:18:32,10:13:31,GP049F,H951GP049F,Bad,4,Zone12
29.07.2019,GP049A1.TXT,4713.3467,4713.2867,06351.715,06351.963,13:19:38,13:14:37,GP049A1,H951GP049A1,Bad,5,Zone12
29.07.2019,GP049A2.TXT,4711.2669,4711.1781,06351.345,06351.585,15:00:26,14:55:24,GP049A2,H951GP049A2,Good,6,Zone12
29.07.2019,GP061F.TXT,4711.7430,4711.6680,06345.973,06346.209,16:01:01,15:55:59,GP061F,H951GP061F,Good,7,Zone12
29.07.2019,GP076F.TXT,4714.2851,4714.2779,06338.372,06338.638,17:03:02,16:57:59,GP076F,H951GP076F,Good,8,Zone12
29.07.2019,GP080F.TXT,4709.4734,4709.6009,06334.105,06334.310,18:00:19,17:55:17,GP080F,H951GP080F,Bad,9,Zone12
29.07.2019,GP080A1.TXT,4710.2332,4710.0726,06331.679,06331.799,18:48:57,18:43:57,GP080A1,H951GP080A1,Good,10,Zone12
29.07.2019,GP088F.TXT,4706.4623,4706.3255,06333.681,06333.848,19:56:11,19:51:10,GP088F,H951GP088F,Good,11,Zone12
30.07.2019,GP106F.TXT,4704.9252,4704.8827,06319.396,06319.644,05:51:50,05:46:49,GP106F,H951GP106F,Good,1,Zone12
30.07.2019,GP105F.TXT,4710.0123,4709.9393,06320.787,06321.019,07:09:19,07:04:17,GP105F,H951GP105F,Bad,2,Zone12
30.07.2019,GP105A1.TXT,4712.0742,4711.9327,06322.572,06322.736,08:32:15,08:27:13,GP105A1,H951GP105A1,Bad,3,Zone12
30.07.2019,GP105A2.TXT,4711.2075,4711.0849,06319.166,06319.354,09:24:23,09:19:23,GP105A2,H951GP105A2,Good,4,Zone12
30.07.2019,GP124F.TXT,4710.5892,4710.4520,06314.681,06314.837,10:26:19,10:21:19,GP124F,H951GP124F,Good,5,Zone12
30.07.2019,GP097F.TXT,4716.1824,4716.0222,06320.758,06320.635,11:39:42,11:34:40,GP097F,H951GP097F,Good,6,Zone12
30.07.2019,GP079F.TXT,4722.0805,4721.9248,06329.271,06329.165,13:05:14,13:00:12,GP079F,H951GP079F,Good,7,Zone12
30.07.2019,GP090F.TXT,4720.4698,4720.3289,06330.892,06331.053,14:06:58,14:01:58,GP090F,H951GP090F,Good,8,Zone12
30.07.2019,GP067F.TXT,4723.3822,4723.2630,06342.554,06342.748,15:50:40,15:45:40,GP067F,H951GP067F,Bad,9,Zone12
30.07.2019,GP067A1.TXT,4721.9061,4722.0775,06348.101,06348.169,17:02:02,16:57:00,GP067A1,H951GP067A1,Good,10,Zone12
30.07.2019,GP066F.TXT,4730.6315,4730.4893,06343.280,06343.432,18:33:33,18:28:32,GP066F,H951GP066F,Good,11,Zone12
30.07.2019,GP050F.TXT,4729.2644,4729.3112,06354.031,06353.777,19:55:10,19:50:10,GP050F,H951GP050F,Good,12,Zone12
30.07.2019,GP048F.TXT,4726.5068,4726.6228,06350.093,06350.295,20:45:04,20:40:03,GP048F,H951GP048F,Good,13,Zone12
31.07.2019,GP046F.TXT,4719.8992,4719.7997,06356.865,06357.068,05:53:15,05:48:18,GP046F,H951GP046F,Good,1,Zone12
31.07.2019,GP044F.TXT,4724.9353,4724.8495,06404.955,06405.179,07:28:17,07:23:15,GP044F,H951GP044F,Good,2,Zone12
31.07.2019,GP025F.TXT,4718.8956,4718.8121,06411.408,06411.637,09:00:06,08:55:05,GP025F,H951GP025F,Good,3,Zone12
31.07.2019,GP036F.TXT,4713.4711,4713.3484,06405.655,06405.835,10:22:09,10:17:08,GP036F,H951GP036F,Good,4,Zone12
31.07.2019,GP026F.TXT,4705.2075,4705.0692,06411.209,06411.373,12:00:54,11:55:52,GP026F,H951GP026F,Good,5,Zone12
31.07.2019,GP024F.TXT,4711.3696,4711.1904,06414.754,06414.763,13:06:50,13:01:49,GP024F,H951GP024F,Good,6,Zone12
31.07.2019,GP016F.TXT,4718.1171,4717.9433,06426.678,06426.656,14:43:53,14:38:52,GP016F,H951GP016F,Good,7,Zone12
31.07.2019,GP023F.TXT,4721.5596,4721.4096,06416.998,06417.134,16:01:18,15:56:20,GP023F,H951GP023F,Good,8,Zone12
31.07.2019,GP019F.TXT,4726.155,4726.0010,6420.906,06420.785,17:02:56,16:57:57,GP019F,H951GP019F,Good,9,Zone12
31.07.2019,GP018F.TXT,4730.2029,4730.2405,06423.463,06423.725,18:13:09,18:08:09,GP018F,H951GP018F,Good,10,Zone12
31.07.2019,GP028F.TXT,4732.6123,4732.6301,06410.721,06410.974,19:36:53,19:31:55,GP028F,H951GP028F,Good,11,Zone12
31.07.2019,GP032F.TXT,4733.1512,4733.1460,06407.702,06407.966,20:21:24,20:16:23,GP032F,H951GP032F,Good,12,Zone12
01.08.2019,GP047F.TXT,4738.4225,4738.4240,06357.707,06357.708,05:55:06,05:54:55,GP047F,H951GP047F,Bad,1,Zone12
01.08.2019,GP047A1.TXT,4734.5730,4734.7451,06355.469,06355.385,06:55:20,06:50:20,GP047A1,H951GP047A1,Bad,2,Zone12
01.08.2019,GP047A2.TXT,4737.6192,4737.7906,06354.047,06353.977,08:02:34,07:57:36,GP047A2,H951GP047A2,Bad,3,Zone12
01.08.2019,GP047A3.TXT,4740.5814,4740.6472,06352.723,06352.958,09:20:22,09:15:18,GP047A3,H951GP047A3,Bad,4,Zone12
01.08.2019,GP040F.TXT,4740.8045,4740.9364,06405.606,06405.773,11:03:13,10:58:11,GP040F,H951GP040F,Good,5,Zone12
01.08.2019,GP022F.TXT,4739.4869,4739.5699,06409.728,06409.503,11:50:58,11:45:57,GP022F,H951GP022F,Good,6,Zone12
01.08.2019,GP030F.TXT,4741.9480,4741.7876,06409.439,06409.535,13:02:53,12:57:54,GP030F,H951GP030F,Good,7,Zone12
01.08.2019,GP042F.TXT,4745.7967,4745.7670,06400.348,06400.611,14:26:01,14:21:00,GP042F,H951GP042F,Good,8,Zone12
01.08.2019,GP052F.TXT,4745.2184,4745.2153,06352.522,06352.789,15:32:33,15:27:32,GP052F,H951GP052F,Good,9,Zone12
01.08.2019,GP051F.TXT,4749.2954,4749.3288,06352.355,06352.611,16:50:28,16:45:27,GP051F,H951GP051F,Good,10,Zone12
01.08.2019,GP041F.TXT,4749.3803,4749.4377,06401.126,06401.372,18:31:42,18:26:43,GP041F,H951GP041F,Good,11,Zone12
01.08.2019,GP031F.TXT,4751.7377,4751.8550,06411.140,06411.346,20:26:58,20:22:00,GP031F,H951GP031F,Good,12,Zone12
02.08.2019,GP039F.TXT,4756.7371,4756.6284,06403.268,06403.484,05:57:48,05:52:46,GP039F,H951GP039F,Good,1,Zone12
02.08.2019,GP045F.TXT,4756.4329,4756.3832,06357.878,06358.129,07:05:23,07:00:24,GP045F,H951GP045F,Good,2,Zone12
02.08.2019,GP053F.TXT,4802.3242,4802.3477,06356.369,06356.632,08:40:32,08:35:30,GP053F,H951GP053F,Good,3,Zone12
02.08.2019,GP043F.TXT,4806.4677,4806.4951,06403.904,06404.177,10:32:08,10:27:07,GP043F,H951GP043F,Bad,4,Zone12
07.08.2019,GP009F.TXT,4753.2863,4753.1504,06459.150,06458.979,15:57:38,15:52:36,GP009F,H951GP009F,Good,1,Zone12
07.08.2019,GP008F.TXT,4753.8709,4753.7708,06508.427,06508.211,17:10:04,17:04:58,GP008F,H951GP008F,Good,2,Zone12
07.08.2019,GP006F.TXT,4753.6957,4753.5754,06512.522,06512.328,17:56:19,17:51:19,GP006F,H951GP006F,Good,3,Zone12
07.08.2019,GP002F.TXT,4747.2496,4747.2201,06532.505,06532.251,20:08:41,20:03:41,GP002F,H951GP002F,Good,4,Zone12
08.08.2019,GP001F.TXT,4758.5688,4758.4317,06537.873,06537.702,06:20:14,06:15:13,GP001F,H951GP001F,Good,1,Zone12
08.08.2019,GP003F.TXT,4755.0569,4754.8870,06529.606,06529.510,08:05:05,08:00:03,GP003F,H951GP003F,Good,2,Zone12
08.08.2019,GP004F.TXT,4751.7949,4751.6272,06528.937,06529.010,09:08:31,09:03:29,GP004F,H951GP004F,Good,3,Zone12
08.08.2019,GP005F.TXT,4757.6649,4757.4995,06520.779,06520.684,10:27:45,10:22:43,GP005F,H951GP005F,Good,4,Zone12
08.08.2019,GP007F.TXT,4755.794,4755.625,06511.194,06511.142,12:18:51,12:13:50,GP007F,H951GP007F,Good,5,Zone12
08.08.2019,GP011F.TXT,4757.1877,4757.0103,06500.911,06500.905,13:49:58,13:44:56,GP011F,H951GP011F,Good,6,Zone12
08.08.2019,GP010F.TXT,4802.5956,4802.4204,06459.476,06459.425,14:55:44,14:50:43,GP010F,H951GP010F,Good,7,Zone12
08.08.2019,GP012F.TXT,4803.9679,4803.7883,06446.558,06446.517,16:42:27,16:37:24,GP012F,H951GP012F,Good,8,Zone12
08.08.2019,GP013F.TXT,4814.7221,4814.5477,06440.663,06440.579,18:37:47,18:32:40,GP013F,H951GP013F,Good,9,Zone12
09.08.2019,GP015F.TXT,4807.2319,4807.0501,06428.258,06428.186,06:18:55,06:13:53,GP015F,H951GP015F,Good,1,Zone12
09.08.2019,GP017F.TXT,4811.9031,4811.7354,06425.472,06425.408,10:17:57,10:12:57,GP017F,H951GP017F,Good,2,Zone12
09.08.2019,GP014F.TXT,4821.9764,4821.8223,06423.909,06424.028,12:00:20,11:55:19,GP014F,H951GP014F,Bad,3,Zone12
09.08.2019,GP014A1.TXT,4820.7457,4820.5725,06421.704,06421.682,13:08:10,13:03:09,GP014A1,H951GP014A1,Good,4,Zone12
09.08.2019,GP020F.TXT,4816.2429,4816.1253,06420.117,06419.919,14:42:52,14:37:51,GP020F,H951GP020F,Good,5,Zone12
09.08.2019,GP021F.TXT,4815.2492,4815.1635,06418.484,06418.256,15:39:52,15:34:52,GP021F,H951GP021F,Good,6,Zone12
09.08.2019,GP037F.TXT,4814.0009,4814.0240,06404.235,06403.977,17:37:11,17:32:10,GP037F,H951GP037F,Good,7,Zone12
09.08.2019,GP055F.TXT,4810.5887,4810.6050,06357.912,06357.648,18:49:13,18:44:13,GP055F,H951GP055F,Good,8,Zone12
09.08.2019,GP043A1.TXT,4803.0871,4803.2467,06403.465,06403.336,20:01:44,19:56:45,GP043A1,H951GP043A1,Bad,9,Zone12
10.08.2019,GP043A2.TXT,4808.0258,4808.2100,06402.746,06402.731,06:02:06,05:57:04,GP043A2,H951GP043A2,Bad,1,Zone12
10.08.2019,GP043A3.TXT,4803.7929,4803.9706,06402.727,06402.719,06:52:41,06:47:38,GP043A3,H951GP043A3,Bad,2,Zone12
10.08.2019,GP071F.TXT,4810.5196,4810.4110,06349.181,06349.381,08:41:38,08:36:43,GP071F,H951GP071F,Good,3,Zone12
10.08.2019,GP029F.TXT,4816.2375,4816.2329,06401.436,06401.163,10:20:58,10:15:53,GP029F,H951GP029F,Good,4,Zone12
10.08.2019,GP058F.TXT,4820.5215,4820.4787,06350.269,06350.535,11:48:47,11:43:42,GP058F,H951GP058F,Good,5,Zone12
10.08.2019,GP059F.TXT,4823.5595,4823.489,06349.957,06349.981,12:53:43,12:51:18,GP059F,H951GP059F,Bad,6,Zone12
10.08.2019,GP059A1.TXT,4824.8869,4824.7141,06353.442,06353.517,13:49:06,13:44:05,GP059A1,H951GP059A1,Good,7,Zone12
10.08.2019,GP073F.TXT,4821.5651,4821.6219,06340.824,06341.087,15:17:36,15:12:36,GP073F,H951GP073F,Good,8,Zone12
10.08.2019,GP065F.TXT,4827.3874,4827.3678,06344.261,06343.991,16:36:10,16:31:10,GP065F,H951GP065F,Good,9,Zone12
10.08.2019,GP057F.TXT,4833.5588,4833.397,06359.662,06359.539,18:36:29,18:31:25,GP057F,H951GP057F,Good,10,Zone12
10.08.2019,GP034F.TXT,4827.3614,4827.4607,06407.094,06406.866,20:05:38,20:00:38,GP034F,H951GP034F,Good,11,Zone12
11.08.2019,GP033F.TXT,4832.5482,4832.5693,06407.394,06407.657,06:19:09,06:14:08,GP033F,H951GP033F,Good,1,Zone12
11.08.2019,GP027F.TXT,4832.2238,4832.3553,06410.540,06410.715,07:37:28,07:32:26,GP027F,H951GP027F,Good,2,Zone12
11.08.2019,GP038F.TXT,4837.5604,4837.4635,06402.938,06403.163,08:55:47,08:50:47,GP038F,H951GP038F,Bad,3,Zone12
11.08.2019,GP038A1.TXT,4836.5854,4836.6613,06400.476,06400.724,09:47:32,09:42:30,GP038A1,H951GP038A1,Good,4,Zone12
11.08.2019,GP056F.TXT,4837.2326,4837.4045,06350.781,06350.866,11:07:42,11:02:40,GP056F,H951GP056F,Good,5,Zone12
11.08.2019,GP074F.TXT,4836.1850,4836.3351,06347.694,06347.851,12:05:19,12:00:17,GP074F,H951GP074F,Good,6,Zone12
11.08.2019,GP083F.TXT,4832.8284,4832.9486,06336.840,06337.044,13:36:18,13:31:16,GP083F,H951GP083F,Good,7,Zone12
11.08.2019,GP096F.TXT,4835.7779,4835.8881,06321.719,06321.940,14:08:01,15:24:43,GP096F,H951GP096F,Bad,8,Zone12
11.08.2019,GP096A1.TXT,4833.0301,4833.1693,06320.993,06321.160,16:48:06,16:43:06,GP096A1,H951GP096A1,Bad,9,Zone12
11.08.2019,GP096A2.TXT,4834.4420,4834.5994,06325.205,06325.322,18:07:07,18:02:07,GP096A2,H951GP096A2,Good,10,Zone12
11.08.2019,GP107F.TXT,4837.4659,4837.6258,06327.394,06327.512,19:44:41,19:39:40,GP107F,H951GP107F,Bad,11,Zone12
12.08.2019,GP107A1.TXT,4837.9960,4837.9021,06328.444,06328.797,06:06:37,06:01:28,GP107A1,H951GP107A1,Good,1,Zone12
12.08.2019,GP078F.TXT,4837.1110,4836.9445,06339.368,06339.471,07:56:24,07:51:22,GP078F,H951GP078F,Good,2,Zone12
12.08.2019,GP064F.TXT,4839.6492,4839.5202,06349.191,06349.371,09:32:11,09:27:10,GP064F,H951GP064F,Good,3,Zone12
12.08.2019,GP054F.TXT,4843.8977,4843.9372,06357.484,06357.752,11:20:36,11:15:35,GP054F,H951GP054F,Good,4,Zone12
12.08.2019,GP035F.TXT,4845.4336,4845.6131,06403.716,06403.717,12:48:29,12:43:28,GP035F,H951GP035F,Good,5,Zone12
12.08.2019,GP072F.TXT,4849.1074,4849.2475,06345.819,06345.990,15:03:15,14:58:13,GP072F,H951GP072F,Good,6,Zone12
12.08.2019,GP085F.TXT,4849.9785,4850.1243,06333.218,06333.381,17:21:03,17:16:03,GP085F,H951GP085F,Good,7,Zone12
12.08.2019,GP081F.TXT,4853.7541,4853.8917,06335.234,06335.398,19:19:30,19:14:31,GP081F,H951GP081F,Good,8,Zone12
13.08.2019,GP098F.TXT,4856.0905,4856.1405,06325.428,06325.689,06:58:38,06:53:37,GP098F,H951GP098F,Good,1,Zone12
13.08.2019,GP120F.TXT,4855.0046,4855.0651,06315.210,06315.457,08:39:13,08:34:13,GP120F,H951GP120F,Good,2,Zone12
13.08.2019,GP109F.TXT,4850.1419,4850.2963,06321.003,06320.863,10:27:19,10:22:15,GP109F,H951GP109F,Good,3,Zone12
13.08.2019,GP122F.TXT,4845.1349,4845.3001,06315.953,06316.052,12:00:33,11:55:31,GP122F,H951GP122F,Good,4,Zone12
13.08.2019,GP121F.TXT,4840.0223,4840.1842,06314.562,06314.659,13:23:09,13:18:07,GP121F,H951GP121F,Good,5,Zone12
13.08.2019,GP142F.TXT,4842.6583,4842.7204,06306.397,06306.653,15:04:47,14:59:45,GP142F,H951GP142F,Good,6,ZoneE
13.08.2019,GP156F.TXT,4835.6667,4835.7855,06256.082,06256.279,17:10:42,17:05:39,GP156F,H951GP156F,Good,7,ZoneE
13.08.2019,GP139F.TXT,4832.7963,4832.9454,06307.975,06308.108,19:45:56,19:40:57,GP139F,H951GP139F,Good,8,ZoneE
14.08.2019,GP134F.TXT,4831.7841,4831.9290,06314.651,06314.823,06:17:58,06:12:55,GP134F,H951GP134F,Bad,1,Zone12
14.08.2019,GP134A1.TXT,4835.2493,4835.3719,06317.639,06317.837,07:50:48,07:45:47,GP134A1,H951GP134A1,Bad,2,Zone12
14.08.2019,GP134A2.TXT,4833.9256,4834.0785,06308.781,06308.906,09:21:07,09:16:07,GP134A2,H951GP134A2,Good,3,Zone12
14.08.2019,GP115F.TXT,4826.2906,4826.4685,06318.088,0631.098,11:22:14,11:17:12,GP115F,H951GP115F,Good,4,Zone12
14.08.2019,GP112F.TXT,4826.0934,4826.2444,06324.553,06324.637,12:30:51,12:26:02,GP112F,H951GP112F,Good,5,Zone12
14.08.2019,GP086F.TXT,4823.5610,4823.7190,06332.447,06332.556,14:31:50,14:26:47,GP086F,H951GP086F,Good,6,Zone12
14.08.2019,GP089F.TXT,4818.5431,4818.7215,06331.387,06331.444,15:35:00,15:29:58,GP089F,H951GP089F,Good,7,Zone12
14.08.2019,GP103F.TXT,4821.7739,4821.6010,06323.959,06324.066,16:43:23,16:38:22,GP103F,H951GP103F,Good,8,Zone12
14.08.2019,GP130F.TXT,4819.9170,4819.8713,06309.424,06309.692,18:21:44,18:16:45,GP130F,H951GP130F,Bad,9,Zone12
14.08.2019,GP130A1.TXT,4821.2462,4821.266,06310.723,6310.996,19:12:28,19:07:27,GP130A1,H951GP130A1,Bad,10,Zone12
14.08.2019,GP130A2.TXT,4818.3542,4818.4878,06310.071,06310.137,19:57:14,19:53:13,GP130A2,H951GP130A2,Good,11,Zone12
15.08.2019,GP138F.TXT,4823.2199,4823.3827,06257.822,06257.951,06:08:46,06:03:44,GP138F,H951GP138F,Good,1,Zone12
15.08.2019,GP166F.TXT,4825.1056,4825.1607,06250.965,06251.225,07:30:24,07:25:23,GP166F,H951GP166F,Good,2,Zone12
15.08.2019,GP187F.TXT,4826.8619,4826.8211,06238.681,06238.945,09:05:48,09:00:47,GP187F,H951GP187F,Good,3,ZoneE
15.08.2019,GP203F.TXT,4821.8369,4821.8205,06226.864,06227.126,11:06:57,11:01:57,GP203F,H951GP203F,Good,4,Zone12
15.08.2019,GP181F.TXT,4818.5141,4818.6446,06240.646,06240.844,13:28:41,13:23:41,GP181F,H951GP181F,Good,5,Zone12
15.08.2019,GP165F.TXT,4819.8633,4819.9873,06250.778,06250.978,15:05:24,15:00:24,GP165F,H951GP165F,Good,6,Zone12
15.08.2019,GP152F.TXT,4818.6802,4818.8515,06258.743,06258.658,16:09:55,16:04:53,GP152F,H951GP152F,Good,7,Zone12
15.08.2019,GP153F.TXT,4812.5318,4812.7011,06258.026,06258.141,17:12:51,17:07:49,GP153F,H951GP153F,Good,8,Zone12
15.08.2019,GP169F.TXT,4810.7814,4810.8972,06250.749,06250.975,18:08:55,18:03:53,GP169F,H951GP169F,Good,9,Zone12
15.08.2019,GP180F.TXT,4811.5396,4811.5615,06241.079,06241.343,19:20:10,19:15:09,GP180F,H951GP180F,Good,10,Zone12
15.08.2019,GP185F.TXT,4808.6885,4808.8662,06239.981,06239.998,20:04:18,19:59:17,GP185F,H951GP185F,Good,11,Zone12
16.08.2019,GP221F.TXT,4712.3269,4712.2560,06224.045,06223.801,06:08:24,06:03:21,GP221F,H951GP221F,Bad,1,Zone12
16.08.2019,GP221A1.TXT,4710.9991,4711.0929,06225.901,06226.058,06:54:53,06:50:47,GP221A1,H951GP221A1,Bad,2,Zone12
16.08.2019,GP221A2.TXT,4712.9439,4713.1061,06226.148,06226.262,08:07:20,08:02:19,GP221A2,H951GP221A2,Bad,3,Zone12
16.08.2019,GP221A3.TXT,4707.3976,4707.5811,06224.824,06224.864,09:01:47,08:56:46,GP221A3,H951GP221A3,Good,4,Zone12
22.08.2019,GP191F.TXT,4705.7496,4705.5738,06231.500,06231.557,14:05:44,14:00:43,GP191F,H951GP191F,Bad,1,Zone12
22.08.2019,GP191A1.TXT,4703.5341,4703.4201,06230.883,06231.079,14:58:08,14:53:07,GP191A1,H951GP191A1,Good,2,Zone12
22.08.2019,GP177F.TXT,4709.7766,4709.7248,06240.960,06241.212,16:43:02,16:38:00,GP177F,H951GP177F,Good,3,Zone12
22.08.2019,GP164F.TXT,4710.0010,4709.951,06252.499,06252.749,18:14:12,18:09:10,GP164F,H951GP164F,Good,4,Zone12
22.08.2019,GP151F.TXT,4711.3025,4711.2326,06300.187,06259.950,19:20:35,19:15:34,GP151F,H951GP151F,Good,5,Zone12
23.08.2019,GP126F.TXT,4809.2342,4809.1214,06312.290,06312.493,06:19:34,06:14:37,GP126F,H951GP126F,Good,1,Zone12
23.08.2019,GP114F.TXT,4812.7421,4812.7871,06318.717,06318.972,07:38:43,07:33:37,GP114F,H951GP114F,Good,2,Zone12
23.08.2019,GP075F.TXT,4812.0430,4812.1340,06330.365,06330.592,09:16:20,09:11:20,GP075F,H951GP075F,Good,3,Zone12
23.08.2019,GP101F.TXT,4808.0837,4808.2576,06324.129,06324.086,10:25:36,10:20:35,GP101F,H951GP101F,Good,4,Zone12
23.08.2019,GP082F.TXT,4807.0297,4807.2045,06334.872,06334.923,13:01:13,12:56:11,GP082F,H951GP082F,Good,5,Zone12
23.08.2019,GP060F.TXT,4803.5684,4803.5513,06340.463,06340.721,14:21:50,14:16:48,GP060F,H951GP060F,Good,6,Zone12
23.08.2019,GP062F.TXT,4759.5494,4759.5785,06346.035,06346.288,15:44:02,15:39:03,GP062F,H951GP062F,Good,7,Zone12
23.08.2019,GP069F.TXT,4754.4014,4754.5688,06342.624,06342.726,16:47:28,16:42:26,GP069F,H951GP069F,Good,8,Zone12
23.08.2019,GP092F.TXT,4751.3373,4751.5171,06338.718,06338.661,17:53:38,17:48:38,GP092F,H951GP092F,Good,9,Zone12
23.08.2019,GP087F.TXT,4758.7987,4758.6636,06331.917,06332.079,19:20:35,19:15:35,GP087F,H951GP087F,Good,10,Zone12
23.08.2019,GP100F.TXT,4758.5877,4758.5725,06324.876,06325.150,20:15:29,20:10:28,GP100F,H951GP100F,Good,11,Zone12
24.08.2019,GP118F.TXT,4804.1655,4804.3256,06315.902,06315.818,14:49:30,14:44:34,GP118F,H951GP118F,Good,1,Zone12
24.08.2019,GP143F.TXT,4802.6616,4802.8147,06305.800,06305.695,16:17:10,16:12:08,GP143F,H951GP143F,Good,2,Zone12
24.08.2019,GP157F.TXT,4804.2626,4804.4345,06255.035,06254.994,17:48:34,17:43:32,GP157F,H951GP157F,Good,3,Zone12
24.08.2019,GP172F.TXT,4801.7842,4801.9458,06248.503,06248.421,19:02:58,18:57:59,GP172F,H951GP172F,Good,4,Zone12
24.08.2019,GP183F.TXT,4801.4040,4801.5740,06240.291,06240.313,20:19:13,20:14:11,GP183F,H951GP183F,Good,5,Zone12
25.08.2019,GP201F.TXT,4809.6325,4809.7896,06231.338,06231.230,06:20:04,06:15:02,GP201F,H947GP201F,Bad,1,Zone12
25.08.2019,GP201A1.TXT,4810.9718,4810.8869,06227.982,06228.211,07:30:09,07:25:08,GP201A1,H947GP201A1,Bad,2,Zone12
25.08.2019,GP201A2.TXT,4810.6176,4810.6710,06232.283,06232.541,08:28:05,08:23:05,GP201A2,H947GP201A2,Good,3,Zone12
25.08.2019,GP200F.TXT,4804.0172,4804.0286,06229.878,06230.142,09:44:12,09:39:10,GP200F,H947GP200F,Good,4,Zone12
25.08.2019,GP217F.TXT,4804.7495,4804.7670,06222.488,06222.752,10:37:09,10:32:12,GP217F,H947GP217F,Good,5,Zone12
25.08.2019,GP218F.TXT,4801.9951,4802.1232,06221.999,06222.184,11:23:43,11:18:41,GP218F,H947GP218F,Good,6,Zone12
25.08.2019,GP236F.TXT,4757.6814,4757.7522,06215.386,06215.634,12:26:40,12:21:39,GP236F,H947GP236F,Good,7,Zone12
25.08.2019,GP209F.TXT,4757.3572,4754.458,06225.626,6225.843,14:05:34,14:00:33,GP209F,H947GP209F,Good,8,Zone12
25.08.2019,GP204F.TXT,4757.0239,4757.0837,06230.216,06230.459,15:17:03,15:12:03,GP204F,H947GP204F,Good,9,Zone12
25.08.2019,GP193F.TXT,4754.6593,4754.6800,06235.063,06235.321,16:22:26,16:17:22,GP193F,H947GP193F,Good,10,Zone12
25.08.2019,GP178F.TXT,4750.4700,4750.6256,06243.839,06243.956,17:49:21,17:44:20,GP178F,H947GP178F,Good,11,Zone12
25.08.2019,GP168F.TXT,4751.0877,4751.2440,06251.419,06251.544,19:00:55,18:55:54,GP168F,H947GP168F,Good,12,Zone12
25.08.2019,GP175F.TXT,4747.4141,4747.5869,06246.726,06246.815,19:58:40,19:53:41,GP175F,H947GP175F,Good,13,Zone12
26.08.2019,GP171F.TXT,4741.1250,4741.0356,06248.636,06248.865,06:25:25,06:20:24,GP171F,H947GP171F,Good,1,Zone12
26.08.2019,GP173F.TXT,4739.5380,4739.5571,06247.365,06247.641,07:10:08,07:05:02,GP173F,H947GP173F,Good,2,Zone12
26.08.2019,GP155F.TXT,4742.5053,4742.4545,06255.931,06255.688,08:21:55,08:17:00,GP155F,H947GP155F,Good,3,Zone12
26.08.2019,GP145F.TXT,4744.8340,4744.7472,06301.924,06301.684,09:18:45,09:13:43,GP145F,H947GP145F,Bad,4,Zone12
26.08.2019,GP145A1.TXT,4743.0322,4743.1584,06258.222,06258.412,10:14:06,10:09:10,GP145A1,H947GP145A1,Bad,5,Zone12
26.08.2019,GP145A2.TXT,4746.9048,4746.7781,06303.548,06303.367,11:15:51,11:10:50,GP145A2,H947GP145A2,Good,6,Zone12
26.08.2019,GP137F.TXT,4740.4387,4740.5919,06307.939,06307.808,12:29:40,12:24:39,GP137F,H947GP137F,Good,7,Zone12
26.08.2019,GP131F.TXT,4745.8727,4745.6962,06310.187,06310.166,13:31:13,13:26:13,GP131F,H947GP131F,Good,8,Zone12
26.08.2019,GP135F.TXT,4748.5807,4748.4276,06308.630,06308.764,14:13:08,14:08:07,GP135F,H947GP135F,Good,9,Zone12
26.08.2019,GP136F.TXT,4752.9998,4752.8362,06307.840,06307.952,15:05:37,15:00:44,GP136F,H947GP136F,Good,10,Zone12
26.08.2019,GP144F.TXT,4756.0367,4755.9564,06303.270,06303.516,15:56:24,15:51:23,GP144F,H947GP144F,Good,11,Zone12
26.08.2019,GP129F.TXT,4755.6252,4755.5054,06311.031,06311.230,17:11:19,17:06:17,GP129F,H947GP129F,Good,12,Zone12
26.08.2019,GP111F.TXT,4748.2637,4748.4189,06319.021,06318.893,18:39:31,18:34:31,GP111F,H947GP111F,Good,13,Zone12
26.08.2019,GP110F.TXT,4750.0201,4749.8504,06320.543,06320.444,19:38:51,19:33:51,GP110F,H947GP110F,Good,14,Zone12
27.08.2019,GP095F.TXT,4746.3798,4746.4700,06329.460,06329.688,06:47:21,06:42:20,GP095F,H947GP095F,Good,1,Zone12
27.08.2019,GP063F.TXT,4743.8003,4743.7735,06340.065,06340.345,08:25:36,08:20:36,GP063F,H947GP063F,Good,2,Zone12
27.08.2019,GP070F.TXT,4738.4491,4738.4668,06342.291,06342.561,09:44:56,09:39:49,GP070F,H947GP070F,Bad,3,Zone12
27.08.2019,GP070A1.TXT,4739.6597,4739.7366,06343.169,06343.400,11:10:13,11:05:15,GP070A1,H947GP070A1,Good,4,Zone12
27.08.2019,GP093F.TXT,4737.7867,4737.8988,06333.191,06333.391,12:22:37,12:17:37,GP093F,H947GP093F,Bad,5,Zone12
27.08.2019,GP093A1.TXT,4737.2048,4737.3559,06335.974,06336.125,13:15:29,13:10:29,GP093A1,H947GP093A1,Bad,6,Zone12
27.08.2019,GP093A2.TXT,4738.7171,4738.8842,06336.766,06336.898,14:16:34,14:11:32,GP093A2,H947GP093A2,Good,7,Zone12
27.08.2019,GP091F.TXT,4733.0395,4733.2131,06330.746,06330.849,15:29:19,15:24:18,GP091F,H947GP091F,Bad,8,Zone12
27.08.2019,GP091A1.TXT,4729.3922,4729.5751,06335.771,06335.778,16:30:41,16:25:36,GP091A1,H947GP091A1,Good,9,Zone12
27.08.2019,GP102F.TXT,4737.0170,4737.1594,06323.920,06324.088,18:37:24,18:32:23,GP102F,H947GP102F,Good,10,Zone12
27.08.2019,GP119F.TXT,4736.2957,4736.4644,06315.910,06315.969,20:09:02,20:03:59,GP119F,H947GP119F,Good,11,Zone12
28.08.2019,GP167F.TXT,4732.8673,4732.9929,06249.814,06249.906,06:22:32,06:18:16,GP167F,H947GP167F,Good,1,Zone12
28.08.2019,GP148F.TXT,4732.2579,4732.4187,06301.171,06301.315,08:06:13,08:01:13,GP148F,H947GP148F,Good,2,Zone12
28.08.2019,GP132F.TXT,4734.4915,4734.6640,06310.314,06310.368,09:29:07,09:24:04,GP132F,H947GP132F,Good,3,Zone12
28.08.2019,GP108F.TXT,4733.4778,4733.5169,06321.441,06321.180,10:59:51,10:54:46,GP108F,H947GP108F,Good,4,Zone12
28.08.2019,GP104F.TXT,4726.2096,4726.3466,06324.153,06323.982,12:20:03,12:14:58,GP104F,H947GP104F,Good,5,Zone12
28.08.2019,GP117F.TXT,4725.9364,4726.0210,06316.660,06316.732,13:31:55,13:29:00,GP117F,H947GP117F,Bad,6,Zone12
28.08.2019,GP117A1.TXT,4724.5055,4724.6720,06311.083,06311.143,14:27:07,14:22:06,GP117A1,H947GP117A1,Good,7,Zone12
28.08.2019,GP140F.TXT,4726.0598,4726.1776,06307.927,06307.724,15:25:45,15:20:43,GP140F,H947GP140F,Good,8,Zone12
28.08.2019,GP116F.TXT,4717.0564,4717.2353,06308.917,06308.872,16:53:14,16:48:13,GP116F,H947GP116F,Good,9,Zone12
28.08.2019,GP146F.TXT,4719.6512,4719.7518,06303.371,06303.146,17:59:03,17:54:02,GP146F,H947GP146F,Good,10,Zone12
28.08.2019,GP160F.TXT,4723.1317,4723.1960,06254.300,06254.056,19:22:19,19:17:17,GP160F,H947GP160F,Good,11,Zone12
29.08.2019,GP161F.TXT,4715.664,4715.612,6250.528,6250.276,19:22:19,19:17:17,GP161F,H947GP160F,Good,,
29.08.2020,GP188F.TXT,4715.376,4715.293,6238.04,6237.798,19:22:19,19:17:17,GP188F,H947GP160F,Good,,
29.08.2021,GP190F.TXT,4712.537,4712.392,6236.57,6236.388,19:22:19,19:17:17,GP190F,H947GP160F,Good,,
