Ship Number,Trip Number,Tow Number
AVALON VOYAGER,3,13
Comments
"ZONE12"
CPU Date and Time,GPS Date,GPS Time,Latitude,Longitude,Speed,Heading,Validity,Transducer Name,Sensor Name,Sensor Value,Error Code,Hydrophone,Signal Strength
,14-Aug-2020,225020,47 53.402700 N,063 7.383500 W,4.6,220.4,A,,,,,,
Fri Aug 14 20:50:20 2020,14-Aug-2020,225021,47 53.401500 N,063 7.384800 W,4.6,219.7,A,DoorSpread,DoorMaster,0.000000,E,S,74989.000000
Fri Aug 14 20:50:20 2020,14-Aug-2020,225022,47 53.400400 N,063 7.385900 W,4.6,219.0,A,DoorSpread,DoorMaster,0.000000,E,S,74989.000000
Fri Aug 14 20:50:20 2020,14-Aug-2020,225023,47 53.399300 N,063 7.387200 W,4.7,218.4,A,DoorSpread,DoorMaster,0.000000,E,S,74989.000000
Fri Aug 14 20:50:20 2020,14-Aug-2020,225024,47 53.398100 N,063 7.388800 W,4.9,218.1,A,DoorSpread,DoorMaster,0.000000,E,S,74989.000000
Fri Aug 14 20:50:20 2020,14-Aug-2020,225025,47 53.396800 N,063 7.390500 W,5.1,217.9,A,DoorSpread,DoorMaster,0.000000,E,S,74989.000000
Fri Aug 14 20:50:25 2020,14-Aug-2020,225026,47 53.395600 N,063 7.392100 W,5.2,217.9,A,DoorSpread,DoorMaster,0.000000,E,S,62179.000000
Fri Aug 14 20:50:25 2020,14-Aug-2020,225027,47 53.394400 N,063 7.393700 W,5.3,218.1,A,DoorSpread,DoorMaster,0.000000,E,S,62179.000000
Fri Aug 14 20:50:25 2020,14-Aug-2020,225028,47 53.393300 N,063 7.395100 W,5.3,218.3,A,DoorSpread,DoorMaster,0.000000,E,S,62179.000000
Fri Aug 14 20:50:27 2020,14-Aug-2020,225029,47 53.392300 N,063 7.396200 W,5.1,218.3,A,Primary,Headline,29.938776,D,S,60708.000000
Fri Aug 14 20:50:27 2020,14-Aug-2020,225030,47 53.391300 N,063 7.397300 W,5.0,218.2,A,Primary,Headline,29.938776,D,S,60708.000000
Fri Aug 14 20:50:30 2020,14-Aug-2020,225031,47 53.390300 N,063 7.398500 W,5.0,217.9,A,DoorSpread,DoorMaster,0.000000,E,S,128470.000000
Fri Aug 14 20:50:30 2020,14-Aug-2020,225032,47 53.389100 N,063 7.399800 W,5.1,217.6,A,Depth,Depth,7.222222,D,S,53493.000000
Fri Aug 14 20:50:30 2020,14-Aug-2020,225033,47 53.387800 N,063 7.401200 W,5.2,217.5,A,Depth,Depth,7.222222,D,S,53493.000000
Fri Aug 14 20:50:33 2020,14-Aug-2020,225034,47 53.386700 N,063 7.402600 W,5.2,217.9,A,Primary,Headline,26.571429,D,S,51540.000000
Fri Aug 14 20:50:33 2020,14-Aug-2020,225035,47 53.385600 N,063 7.404000 W,5.2,218.4,A,Primary,Headline,26.571429,D,S,51540.000000
Fri Aug 14 20:50:35 2020,14-Aug-2020,225036,47 53.384600 N,063 7.405200 W,5.2,218.7,A,DoorSpread,DoorMaster,0.000000,E,S,113016.000000
Fri Aug 14 20:50:35 2020,14-Aug-2020,225037,47 53.383600 N,063 7.406400 W,5.0,218.9,A,DoorSpread,DoorMaster,0.000000,E,S,113016.000000
Fri Aug 14 20:50:37 2020,14-Aug-2020,225038,47 53.382700 N,063 7.407300 W,4.9,218.7,A,Depth,Depth,6.111111,D,S,57501.000000
Fri Aug 14 20:50:37 2020,14-Aug-2020,225039,47 53.381800 N,063 7.408200 W,4.8,218.4,A,Depth,Depth,6.111111,D,S,57501.000000
Fri Aug 14 20:50:39 2020,14-Aug-2020,225040,47 53.380700 N,063 7.409300 W,4.9,218.3,A,Primary,Headline,44.857143,D,S,53290.000000
Fri Aug 14 20:50:40 2020,14-Aug-2020,225041,47 53.379500 N,063 7.410700 W,5.0,218.8,A,DoorSpread,DoorMaster,0.000000,E,P,130400.000000
Fri Aug 14 20:50:40 2020,14-Aug-2020,225042,47 53.378300 N,063 7.412200 W,5.0,219.3,A,DoorSpread,DoorMaster,0.000000,E,S,237472.000000
Fri Aug 14 20:50:40 2020,14-Aug-2020,225043,47 53.377200 N,063 7.413500 W,5.0,219.4,A,DoorSpread,DoorMaster,0.000000,E,S,237472.000000
Fri Aug 14 20:50:40 2020,14-Aug-2020,225044,47 53.376100 N,063 7.414700 W,4.9,219.2,A,DoorSpread,DoorMaster,0.000000,E,S,237472.000000
Fri Aug 14 20:50:40 2020,14-Aug-2020,225045,47 53.375200 N,063 7.415700 W,4.9,219.0,A,DoorSpread,DoorMaster,0.000000,E,S,237472.000000
Fri Aug 14 20:50:45 2020,14-Aug-2020,225046,47 53.374300 N,063 7.416800 W,4.8,218.9,A,DoorSpread,DoorMaster,0.000000,E,P,267052.000000
Fri Aug 14 20:50:45 2020,14-Aug-2020,225047,47 53.373300 N,063 7.418000 W,4.8,219.0,A,DoorSpread,DoorMaster,0.000000,E,S,373786.000000
Fri Aug 14 20:50:45 2020,14-Aug-2020,225048,47 53.372200 N,063 7.419300 W,4.9,219.2,A,DoorSpread,DoorMaster,0.000000,E,S,373786.000000
Fri Aug 14 20:50:45 2020,14-Aug-2020,225049,47 53.371100 N,063 7.420600 W,4.9,219.3,A,DoorSpread,DoorMaster,0.000000,E,S,373786.000000
Fri Aug 14 20:50:45 2020,14-Aug-2020,225050,47 53.370000 N,063 7.422000 W,5.0,219.3,A,DoorSpread,DoorMaster,0.000000,E,S,373786.000000
Fri Aug 14 20:50:50 2020,14-Aug-2020,225051,47 53.369000 N,063 7.423200 W,4.9,219.3,A,DoorSpread,DoorMaster,0.000000,E,S,668466.000000
Fri Aug 14 20:50:50 2020,14-Aug-2020,225052,47 53.368100 N,063 7.424300 W,4.9,219.1,A,DoorSpread,DoorMaster,0.000000,E,S,668466.000000
Fri Aug 14 20:50:51 2020,14-Aug-2020,225053,47 53.367100 N,063 7.425500 W,4.9,219.1,A,Depth,Depth,10.925926,D,S,464901.000000
Fri Aug 14 20:50:51 2020,14-Aug-2020,225054,47 53.366100 N,063 7.426800 W,4.9,219.2,A,Depth,Depth,10.925926,D,S,464901.000000
Fri Aug 14 20:50:51 2020,14-Aug-2020,225055,47 53.365100 N,063 7.428100 W,4.9,219.3,A,Depth,Depth,10.925926,D,S,464901.000000
Fri Aug 14 20:50:55 2020,14-Aug-2020,225056,47 53.364100 N,063 7.429600 W,4.9,219.4,A,Primary,Headline,16.081633,D,P,300837.000000
Fri Aug 14 20:50:55 2020,14-Aug-2020,225057,47 53.363000 N,063 7.430900 W,5.0,219.2,A,DoorSpread,DoorMaster,0.000000,E,S,445143.000000
Fri Aug 14 20:50:55 2020,14-Aug-2020,225058,47 53.362000 N,063 7.432100 W,4.9,219.0,A,DoorSpread,DoorMaster,0.000000,E,S,445143.000000
Fri Aug 14 20:50:55 2020,14-Aug-2020,225059,47 53.360900 N,063 7.433300 W,4.9,219.1,A,DoorSpread,DoorMaster,0.000000,E,S,445143.000000
Fri Aug 14 20:50:58 2020,14-Aug-2020,225100,47 53.360000 N,063 7.434500 W,4.8,219.1,A,Depth,Depth,13.888889,D,S,293903.000000
Fri Aug 14 20:50:58 2020,14-Aug-2020,225101,47 53.359000 N,063 7.435600 W,4.8,218.9,A,Depth,Depth,13.888889,D,S,293903.000000
Fri Aug 14 20:51:00 2020,14-Aug-2020,225102,47 53.358000 N,063 7.436800 W,4.8,218.6,A,Primary,Headline,31.918367,D,S,189966.000000
Fri Aug 14 20:51:02 2020,14-Aug-2020,225103,47 53.356900 N,063 7.438200 W,4.9,218.6,A,Depth,Depth,14.629630,D,P,265691.000000
Fri Aug 14 20:51:02 2020,14-Aug-2020,225104,47 53.355800 N,063 7.439600 W,4.9,218.5,A,Depth,Depth,14.629630,D,P,265691.000000
Fri Aug 14 20:51:02 2020,14-Aug-2020,225105,47 53.354600 N,063 7.440900 W,5.0,218.4,A,Depth,Depth,14.629630,D,P,265691.000000
Fri Aug 14 20:51:02 2020,14-Aug-2020,225106,47 53.353600 N,063 7.442100 W,4.9,218.2,A,Depth,Depth,14.629630,D,P,265691.000000
Fri Aug 14 20:51:06 2020,14-Aug-2020,225107,47 53.352600 N,063 7.443200 W,4.8,218.1,A,Primary,Headline,28.959184,D,S,652465.000000
Fri Aug 14 20:51:06 2020,14-Aug-2020,225108,47 53.351600 N,063 7.444400 W,4.8,218.3,A,Primary,Headline,28.959184,D,S,652465.000000
Fri Aug 14 20:51:06 2020,14-Aug-2020,225109,47 53.350700 N,063 7.445700 W,4.8,218.5,A,Primary,Headline,28.959184,D,S,652465.000000
Fri Aug 14 20:51:09 2020,14-Aug-2020,225110,47 53.349700 N,063 7.447000 W,4.8,218.6,A,Depth,Depth,27.037037,D,P,60824.000000
Fri Aug 14 20:51:09 2020,14-Aug-2020,225111,47 53.348600 N,063 7.448500 W,4.9,218.8,A,Depth,Depth,27.037037,D,P,60824.000000
Fri Aug 14 20:51:10 2020,14-Aug-2020,225112,47 53.347500 N,063 7.450000 W,5.0,219.0,A,DoorSpread,DoorMaster,0.000000,E,P,184738.000000
Fri Aug 14 20:51:11 2020,14-Aug-2020,225113,47 53.346300 N,063 7.451500 W,5.0,219.1,A,Primary,Headline,18.489796,D,S,124711.000000
Fri Aug 14 20:51:12 2020,14-Aug-2020,225114,47 53.345300 N,063 7.452800 W,4.9,219.1,A,Depth,Depth,17.037037,D,S,174845.000000
Fri Aug 14 20:51:12 2020,14-Aug-2020,225115,47 53.344200 N,063 7.453900 W,4.9,218.7,A,Depth,Depth,17.037037,D,S,174845.000000
Fri Aug 14 20:51:12 2020,14-Aug-2020,225116,47 53.343100 N,063 7.454900 W,4.9,218.2,A,Depth,Depth,17.037037,D,S,174845.000000
Fri Aug 14 20:51:15 2020,14-Aug-2020,225117,47 53.342100 N,063 7.456000 W,4.9,217.9,A,DoorSpread,DoorMaster,0.000000,E,S,240168.000000
Fri Aug 14 20:51:17 2020,14-Aug-2020,225118,47 53.341000 N,063 7.457200 W,4.9,218.0,A,Primary,Headline,27.551020,D,S,317425.000000
Fri Aug 14 20:51:17 2020,14-Aug-2020,225119,47 53.340000 N,063 7.458600 W,5.0,218.2,A,Primary,Headline,27.551020,D,S,317425.000000
Fri Aug 14 20:51:17 2020,14-Aug-2020,225120,47 53.338800 N,063 7.460000 W,5.0,218.5,A,Primary,Headline,27.551020,D,S,317425.000000
Fri Aug 14 20:51:19 2020,14-Aug-2020,225121,47 53.337700 N,063 7.461400 W,5.0,218.8,A,Depth,Depth,19.074074,D,S,348810.000000
Fri Aug 14 20:51:20 2020,14-Aug-2020,225122,47 53.336700 N,063 7.462600 W,4.9,218.8,A,DoorSpread,DoorMaster,0.000000,E,S,691397.000000
Fri Aug 14 20:51:20 2020,14-Aug-2020,225123,47 53.335700 N,063 7.463700 W,4.8,218.6,A,DoorSpread,DoorMaster,0.000000,E,S,691397.000000
Fri Aug 14 20:51:23 2020,14-Aug-2020,225124,47 53.334700 N,063 7.464600 W,4.7,218.1,A,Primary,Headline,55.632653,D,S,436489.000000
Fri Aug 14 20:51:23 2020,14-Aug-2020,225125,47 53.333600 N,063 7.465800 W,4.8,217.6,A,Primary,Headline,55.632653,D,S,436489.000000
Fri Aug 14 20:51:23 2020,14-Aug-2020,225126,47 53.332500 N,063 7.467000 W,4.9,217.4,A,Primary,Headline,55.632653,D,S,436489.000000
Fri Aug 14 20:51:25 2020,14-Aug-2020,225127,47 53.331400 N,063 7.468500 W,4.9,217.9,A,DoorSpread,DoorMaster,0.000000,E,S,72976.000000
Fri Aug 14 20:51:26 2020,14-Aug-2020,225128,47 53.330300 N,063 7.470000 W,5.0,218.6,A,Depth,Depth,21.111111,D,P,287938.000000
Fri Aug 14 20:51:28 2020,14-Aug-2020,225129,47 53.329200 N,063 7.471300 W,5.0,218.8,A,Primary,Headline,19.408163,D,S,421156.000000
Fri Aug 14 20:51:28 2020,14-Aug-2020,225130,47 53.328300 N,063 7.472400 W,4.8,218.6,A,Primary,Headline,19.408163,D,S,421156.000000
Fri Aug 14 20:51:28 2020,14-Aug-2020,225131,47 53.327400 N,063 7.473400 W,4.7,218.2,A,Primary,Headline,19.408163,D,S,421156.000000
Fri Aug 14 20:51:30 2020,14-Aug-2020,225132,47 53.326500 N,063 7.474500 W,4.7,218.0,A,DoorSpread,DoorMaster,0.000000,E,S,474565.000000
Fri Aug 14 20:51:30 2020,14-Aug-2020,225133,47 53.325600 N,063 7.475600 W,4.6,217.8,A,DoorSpread,DoorMaster,0.000000,E,S,474565.000000
Fri Aug 14 20:51:33 2020,14-Aug-2020,225134,47 53.324600 N,063 7.476900 W,4.7,217.9,A,Primary,Headline,16.020408,D,P,132584.000000
Fri Aug 14 20:51:34 2020,14-Aug-2020,225135,47 53.323500 N,063 7.478400 W,4.8,218.1,A,Depth,Depth,23.425926,D,P,219602.000000
Fri Aug 14 20:51:34 2020,14-Aug-2020,225136,47 53.322300 N,063 7.479700 W,4.8,218.3,A,Depth,Depth,23.425926,D,P,219602.000000
Fri Aug 14 20:51:35 2020,14-Aug-2020,225137,47 53.321200 N,063 7.481200 W,4.9,218.5,A,DoorSpread,DoorMaster,0.000000,E,S,359144.000000
Fri Aug 14 20:51:35 2020,14-Aug-2020,225138,47 53.320200 N,063 7.482500 W,4.8,218.7,A,DoorSpread,DoorMaster,0.000000,E,S,359144.000000
Fri Aug 14 20:51:35 2020,14-Aug-2020,225139,47 53.319300 N,063 7.483800 W,4.8,218.7,A,DoorSpread,DoorMaster,0.000000,E,S,359144.000000
Fri Aug 14 20:51:39 2020,14-Aug-2020,225140,47 53.318400 N,063 7.484800 W,4.7,218.8,A,Primary,Headline,34.346939,D,S,567901.000000
Fri Aug 14 20:51:39 2020,14-Aug-2020,225141,47 53.317600 N,063 7.485900 W,4.6,218.7,A,Primary,Headline,34.346939,D,S,567901.000000
Fri Aug 14 20:51:41 2020,14-Aug-2020,225142,47 53.316700 N,063 7.486900 W,4.7,218.6,A,Depth,Depth,25.000000,D,S,320947.000000
Fri Aug 14 20:51:41 2020,14-Aug-2020,225143,47 53.315700 N,063 7.488200 W,4.7,218.6,A,Depth,Depth,25.000000,D,S,320947.000000
Fri Aug 14 20:51:41 2020,14-Aug-2020,225144,47 53.314600 N,063 7.489500 W,4.9,218.8,A,Depth,Depth,25.000000,D,S,320947.000000
Fri Aug 14 20:51:44 2020,14-Aug-2020,225145,47 53.313500 N,063 7.490900 W,4.9,219.0,A,Primary,Headline,10.428571,D,S,226808.000000
Fri Aug 14 20:51:44 2020,14-Aug-2020,225146,47 53.312300 N,063 7.492200 W,5.0,218.9,A,Primary,Headline,10.428571,D,S,226808.000000
Fri Aug 14 20:51:45 2020,14-Aug-2020,225147,47 53.311200 N,063 7.493200 W,4.9,218.4,A,DoorSpread,DoorMaster,0.000000,E,S,145894.000000
Fri Aug 14 20:51:45 2020,14-Aug-2020,225148,47 53.310100 N,063 7.494100 W,4.8,217.7,A,DoorSpread,DoorMaster,0.000000,E,S,145894.000000
Fri Aug 14 20:51:48 2020,14-Aug-2020,225149,47 53.309000 N,063 7.495100 W,4.8,217.3,A,Depth,Depth,26.944444,D,S,134875.000000
Fri Aug 14 20:51:48 2020,14-Aug-2020,225150,47 53.307900 N,063 7.496200 W,4.8,217.0,A,Depth,Depth,26.944444,D,S,134875.000000
Fri Aug 14 20:51:49 2020,14-Aug-2020,225151,47 53.306700 N,063 7.497500 W,4.9,216.9,A,Primary,Headline,19.612245,D,S,160302.000000
Fri Aug 14 20:51:50 2020,14-Aug-2020,225152,47 53.305600 N,063 7.498800 W,4.9,216.9,A,DoorSpread,DoorMaster,0.000000,E,S,163404.000000
Fri Aug 14 20:51:50 2020,14-Aug-2020,225153,47 53.304400 N,063 7.500100 W,4.9,216.9,A,DoorSpread,DoorMaster,0.000000,E,S,163404.000000
Fri Aug 14 20:51:50 2020,14-Aug-2020,225154,47 53.303300 N,063 7.501500 W,4.9,217.2,A,DoorSpread,DoorMaster,0.000000,E,S,163404.000000
Fri Aug 14 20:51:50 2020,14-Aug-2020,225155,47 53.302200 N,063 7.502700 W,4.9,217.6,A,DoorSpread,DoorMaster,0.000000,E,S,163404.000000
Fri Aug 14 20:51:55 2020,14-Aug-2020,225156,47 53.301200 N,063 7.503800 W,4.8,217.7,A,Depth,Depth,28.333333,D,S,88254.000000
Fri Aug 14 20:51:55 2020,14-Aug-2020,225157,47 53.300200 N,063 7.504900 W,4.8,217.9,A,DoorSpread,DoorMaster,0.000000,E,S,291882.000000
Fri Aug 14 20:51:55 2020,14-Aug-2020,225158,47 53.299200 N,063 7.506100 W,4.8,218.0,A,DoorSpread,DoorMaster,0.000000,E,S,291882.000000
Fri Aug 14 20:51:55 2020,14-Aug-2020,225159,47 53.298200 N,063 7.507300 W,4.8,218.5,A,DoorSpread,DoorMaster,0.000000,E,S,291882.000000
Fri Aug 14 20:51:55 2020,14-Aug-2020,225200,47 53.297300 N,063 7.508500 W,4.8,219.0,A,DoorSpread,DoorMaster,0.000000,E,S,291882.000000
Fri Aug 14 20:52:00 2020,14-Aug-2020,225201,47 53.296300 N,063 7.509700 W,4.8,219.4,A,Primary,Headline,13.612245,D,S,235432.000000
Fri Aug 14 20:52:01 2020,14-Aug-2020,225202,47 53.295400 N,063 7.510800 W,4.7,219.7,A,DoorSpread,DoorMaster,0.000000,E,S,388626.000000
Fri Aug 14 20:52:02 2020,14-Aug-2020,225203,47 53.294400 N,063 7.511800 W,4.7,219.7,A,Depth,Depth,30.833333,D,S,208940.000000
Fri Aug 14 20:52:02 2020,14-Aug-2020,225204,47 53.293400 N,063 7.513100 W,4.8,219.7,A,Depth,Depth,30.833333,D,S,208940.000000
Fri Aug 14 20:52:02 2020,14-Aug-2020,225205,47 53.292400 N,063 7.514300 W,4.7,219.6,A,Depth,Depth,30.833333,D,S,208940.000000
Fri Aug 14 20:52:02 2020,14-Aug-2020,225206,47 53.291500 N,063 7.515400 W,4.7,219.3,A,Depth,Depth,30.833333,D,S,208940.000000
Fri Aug 14 20:52:06 2020,14-Aug-2020,225207,47 53.290500 N,063 7.516600 W,4.7,219.2,A,DoorSpread,DoorMaster,0.000000,E,S,307712.000000
Fri Aug 14 20:52:06 2020,14-Aug-2020,225208,47 53.289500 N,063 7.517900 W,4.7,219.1,A,DoorSpread,DoorMaster,0.000000,E,S,307712.000000
Fri Aug 14 20:52:06 2020,14-Aug-2020,225209,47 53.288500 N,063 7.519300 W,4.8,219.1,A,DoorSpread,DoorMaster,0.000000,E,S,307712.000000
Fri Aug 14 20:52:06 2020,14-Aug-2020,225210,47 53.287600 N,063 7.520800 W,4.7,219.3,A,DoorSpread,DoorMaster,0.000000,E,S,307712.000000
Fri Aug 14 20:52:09 2020,14-Aug-2020,225211,47 53.286900 N,063 7.521900 W,4.5,219.3,A,Depth,Depth,32.592593,D,S,91297.000000
Fri Aug 14 20:52:11 2020,14-Aug-2020,225212,47 53.286200 N,063 7.522700 W,4.3,219.4,A,DoorSpread,DoorMaster,0.000000,E,S,280266.000000
Fri Aug 14 20:52:11 2020,14-Aug-2020,225213,47 53.285500 N,063 7.523700 W,4.3,219.6,A,DoorSpread,DoorMaster,0.000000,E,S,280266.000000
Fri Aug 14 20:52:11 2020,14-Aug-2020,225214,47 53.284600 N,063 7.524700 W,4.2,219.4,A,DoorSpread,DoorMaster,0.000000,E,S,280266.000000
Fri Aug 14 20:52:11 2020,14-Aug-2020,225215,47 53.283700 N,063 7.525900 W,4.3,219.3,A,DoorSpread,DoorMaster,0.000000,E,S,280266.000000
Fri Aug 14 20:52:11 2020,14-Aug-2020,225216,47 53.282600 N,063 7.527300 W,4.5,219.5,A,DoorSpread,DoorMaster,0.000000,E,S,280266.000000
Fri Aug 14 20:52:16 2020,14-Aug-2020,225217,47 53.281500 N,063 7.528700 W,4.6,219.3,A,Primary,Headline,14.591837,D,S,77617.000000
Fri Aug 14 20:52:16 2020,14-Aug-2020,225218,47 53.280300 N,063 7.530000 W,4.6,218.9,A,Depth,Depth,38.888889,D,P,115723.000000
Fri Aug 14 20:52:16 2020,14-Aug-2020,225219,47 53.279200 N,063 7.531200 W,4.6,218.5,A,Depth,Depth,38.888889,D,P,115723.000000
Fri Aug 14 20:52:16 2020,14-Aug-2020,225220,47 53.278200 N,063 7.532300 W,4.5,218.3,A,Depth,Depth,38.888889,D,P,115723.000000
Fri Aug 14 20:52:16 2020,14-Aug-2020,225221,47 53.277200 N,063 7.533400 W,4.6,218.2,A,Depth,Depth,38.888889,D,P,115723.000000
Fri Aug 14 20:52:21 2020,14-Aug-2020,225222,47 53.276000 N,063 7.534700 W,4.7,218.1,A,Primary,Headline,27.510204,D,S,68873.000000
Fri Aug 14 20:52:21 2020,14-Aug-2020,225223,47 53.274900 N,063 7.535900 W,4.7,217.9,A,Primary,Headline,27.510204,D,S,68873.000000
Fri Aug 14 20:52:21 2020,14-Aug-2020,225224,47 53.273700 N,063 7.537100 W,4.7,217.9,A,Primary,Headline,27.510204,D,S,68873.000000
Fri Aug 14 20:52:23 2020,14-Aug-2020,225225,47 53.272600 N,063 7.538300 W,4.7,217.9,A,Depth,Depth,35.740741,D,S,176224.000000
Fri Aug 14 20:52:23 2020,14-Aug-2020,225226,47 53.271600 N,063 7.539500 W,4.7,218.1,A,Depth,Depth,35.740741,D,S,176224.000000
Fri Aug 14 20:52:26 2020,14-Aug-2020,225227,47 53.270600 N,063 7.540600 W,4.6,218.1,A,DoorSpread,DoorMaster,0.000000,E,S,364564.000000
Fri Aug 14 20:52:27 2020,14-Aug-2020,225228,47 53.269500 N,063 7.541800 W,4.7,218.2,A,Primary,Headline,22.734694,D,S,176336.000000
Fri Aug 14 20:52:27 2020,14-Aug-2020,225229,47 53.268400 N,063 7.543100 W,4.8,218.5,A,Primary,Headline,22.734694,D,S,176336.000000
Fri Aug 14 20:52:27 2020,14-Aug-2020,225230,47 53.267200 N,063 7.544500 W,4.8,218.5,A,Primary,Headline,22.734694,D,S,176336.000000
Fri Aug 14 20:52:27 2020,14-Aug-2020,225231,47 53.266200 N,063 7.545700 W,4.7,218.4,A,Primary,Headline,22.734694,D,S,176336.000000
Fri Aug 14 20:52:31 2020,14-Aug-2020,225232,47 53.265200 N,063 7.546800 W,4.6,218.2,A,DoorSpread,DoorMaster,0.000000,E,S,480047.000000
Fri Aug 14 20:52:32 2020,14-Aug-2020,225233,47 53.264200 N,063 7.547900 W,4.6,218.2,A,Primary,Headline,30.734694,D,P,59999.000000
Fri Aug 14 20:52:32 2020,14-Aug-2020,225234,47 53.263200 N,063 7.549000 W,4.6,218.3,A,Primary,Headline,30.734694,D,P,59999.000000
Fri Aug 14 20:52:32 2020,14-Aug-2020,225235,47 53.262100 N,063 7.550200 W,4.7,218.3,A,Primary,Headline,30.734694,D,P,59999.000000
Fri Aug 14 20:52:32 2020,14-Aug-2020,225236,47 53.260900 N,063 7.551400 W,4.6,218.2,A,Primary,Headline,30.734694,D,P,59999.000000
Fri Aug 14 20:52:36 2020,14-Aug-2020,225237,47 53.259900 N,063 7.552300 W,4.6,218.1,A,DoorSpread,DoorMaster,0.000000,E,S,224554.000000
Fri Aug 14 20:52:36 2020,14-Aug-2020,225238,47 53.258900 N,063 7.553300 W,4.6,217.8,A,DoorSpread,DoorMaster,0.000000,E,S,224554.000000
Fri Aug 14 20:52:38 2020,14-Aug-2020,225239,47 53.257800 N,063 7.554400 W,4.6,217.8,A,Primary,Headline,40.326531,D,S,140266.000000
Fri Aug 14 20:52:38 2020,14-Aug-2020,225240,47 53.256800 N,063 7.555500 W,4.6,218.0,A,Primary,Headline,40.326531,D,S,140266.000000
Fri Aug 14 20:52:38 2020,14-Aug-2020,225241,47 53.255800 N,063 7.556700 W,4.6,218.0,A,Primary,Headline,40.326531,D,S,140266.000000
Fri Aug 14 20:52:41 2020,14-Aug-2020,225242,47 53.254700 N,063 7.557800 W,4.6,218.0,A,DoorSpread,DoorMaster,0.000000,E,S,174880.000000
Fri Aug 14 20:52:41 2020,14-Aug-2020,225243,47 53.253700 N,063 7.558900 W,4.6,217.9,A,DoorSpread,DoorMaster,0.000000,E,S,174880.000000
Fri Aug 14 20:52:41 2020,14-Aug-2020,225244,47 53.252700 N,063 7.560100 W,4.7,218.0,A,DoorSpread,DoorMaster,0.000000,E,S,174880.000000
Fri Aug 14 20:52:44 2020,14-Aug-2020,225245,47 53.251600 N,063 7.561400 W,4.8,218.3,A,Primary,Headline,55.714286,D,S,80245.000000
Fri Aug 14 20:52:45 2020,14-Aug-2020,225246,47 53.250500 N,063 7.562800 W,4.8,218.4,A,Depth,Depth,41.296296,D,S,91477.000000
Fri Aug 14 20:52:46 2020,14-Aug-2020,225247,47 53.249500 N,063 7.564000 W,4.7,218.3,A,DoorSpread,DoorMaster,0.000000,E,S,111700.000000
Fri Aug 14 20:52:46 2020,14-Aug-2020,225248,47 53.248500 N,063 7.565000 W,4.7,218.1,A,DoorSpread,DoorMaster,0.000000,E,S,111700.000000
Fri Aug 14 20:52:46 2020,14-Aug-2020,225249,47 53.247500 N,063 7.566100 W,4.7,217.9,A,DoorSpread,DoorMaster,0.000000,E,S,111700.000000
Fri Aug 14 20:52:46 2020,14-Aug-2020,225250,47 53.246400 N,063 7.567400 W,4.7,217.8,A,DoorSpread,DoorMaster,0.000000,E,S,111700.000000
Fri Aug 14 20:52:49 2020,14-Aug-2020,225251,47 53.245300 N,063 7.568600 W,4.8,217.6,A,Primary,Headline,50.775510,D,P,125448.000000
Fri Aug 14 20:52:51 2020,14-Aug-2020,225252,47 53.244200 N,063 7.569900 W,4.8,217.3,A,DoorSpread,DoorMaster,0.000000,E,S,127624.000000
Fri Aug 14 20:52:52 2020,14-Aug-2020,225253,47 53.243100 N,063 7.571200 W,4.8,217.2,A,Depth,Depth,52.500000,D,S,56077.000000
Fri Aug 14 20:52:52 2020,14-Aug-2020,225254,47 53.242100 N,063 7.572200 W,4.8,217.1,A,Depth,Depth,52.500000,D,S,56077.000000
Fri Aug 14 20:52:52 2020,14-Aug-2020,225255,47 53.241100 N,063 7.573200 W,4.7,216.9,A,Depth,Depth,52.500000,D,S,56077.000000
Fri Aug 14 20:52:52 2020,14-Aug-2020,225256,47 53.240100 N,063 7.574100 W,4.6,216.8,A,Depth,Depth,52.500000,D,S,56077.000000
Fri Aug 14 20:52:56 2020,14-Aug-2020,225257,47 53.239100 N,063 7.575100 W,4.6,216.5,A,DoorSpread,DoorMaster,0.000000,E,P,79491.000000
Fri Aug 14 20:52:56 2020,14-Aug-2020,225258,47 53.238000 N,063 7.576200 W,4.7,216.3,A,DoorSpread,DoorMaster,0.000000,E,P,79491.000000
Fri Aug 14 20:52:56 2020,14-Aug-2020,225259,47 53.236800 N,063 7.577500 W,4.8,216.2,A,DoorSpread,DoorMaster,0.000000,E,P,79491.000000
Fri Aug 14 20:52:56 2020,14-Aug-2020,225300,47 53.235600 N,063 7.578900 W,4.9,216.3,A,DoorSpread,DoorMaster,0.000000,E,P,79491.000000
Fri Aug 14 20:52:59 2020,14-Aug-2020,225301,47 53.234500 N,063 7.580400 W,4.9,216.5,A,Depth,Depth,48.611111,D,S,39438.000000
Fri Aug 14 20:53:01 2020,14-Aug-2020,225302,47 53.233500 N,063 7.581600 W,4.8,216.5,A,DoorSpread,DoorMaster,0.000000,E,P,316509.000000
Fri Aug 14 20:53:01 2020,14-Aug-2020,225303,47 53.232600 N,063 7.582600 W,4.7,216.4,A,DoorSpread,DoorMaster,0.000000,E,P,316509.000000
Fri Aug 14 20:53:01 2020,14-Aug-2020,225304,47 53.231500 N,063 7.583600 W,4.7,216.3,A,DoorSpread,DoorMaster,0.000000,E,P,316509.000000
Fri Aug 14 20:53:01 2020,14-Aug-2020,225305,47 53.230300 N,063 7.584800 W,4.8,216.2,A,DoorSpread,DoorMaster,0.000000,E,P,316509.000000
Fri Aug 14 20:53:01 2020,14-Aug-2020,225306,47 53.229100 N,063 7.586100 W,4.8,216.2,A,DoorSpread,DoorMaster,0.000000,E,P,316509.000000
Fri Aug 14 20:53:06 2020,14-Aug-2020,225307,47 53.228000 N,063 7.587400 W,4.8,216.3,A,Primary,Headline,23.959184,D,S,69690.000000
Fri Aug 14 20:53:06 2020,14-Aug-2020,225308,47 53.226900 N,063 7.588600 W,4.8,216.2,A,Depth,Depth,43.055556,D,S,94467.000000
Fri Aug 14 20:53:06 2020,14-Aug-2020,225309,47 53.225800 N,063 7.589700 W,4.7,216.1,A,Depth,Depth,43.055556,D,S,94467.000000
Fri Aug 14 20:53:06 2020,14-Aug-2020,225310,47 53.224800 N,063 7.590900 W,4.8,216.5,A,Depth,Depth,43.055556,D,S,94467.000000
Fri Aug 14 20:53:06 2020,14-Aug-2020,225311,47 53.223700 N,063 7.592300 W,4.7,216.9,A,Depth,Depth,43.055556,D,S,94467.000000
Fri Aug 14 20:53:11 2020,14-Aug-2020,225312,47 53.222700 N,063 7.593500 W,4.8,217.1,A,DoorSpread,DoorMaster,0.000000,E,S,39592.000000
Fri Aug 14 20:53:11 2020,14-Aug-2020,225313,47 53.221600 N,063 7.594800 W,4.8,217.2,A,DoorSpread,DoorMaster,0.000000,E,S,39592.000000
Fri Aug 14 20:53:11 2020,14-Aug-2020,225314,47 53.220600 N,063 7.595900 W,4.8,217.2,A,DoorSpread,DoorMaster,0.000000,E,S,39592.000000
Fri Aug 14 20:53:14 2020,14-Aug-2020,225315,47 53.219700 N,063 7.597000 W,4.7,217.2,A,Depth,Depth,56.111111,D,S,38845.000000
Fri Aug 14 20:53:14 2020,14-Aug-2020,225316,47 53.218800 N,063 7.598100 W,4.7,217.2,A,Depth,Depth,56.111111,D,S,38845.000000
Fri Aug 14 20:53:14 2020,14-Aug-2020,225317,47 53.217800 N,063 7.599400 W,4.7,217.2,A,Depth,Depth,56.111111,D,S,38845.000000
Fri Aug 14 20:53:14 2020,14-Aug-2020,225318,47 53.216800 N,063 7.600600 W,4.7,217.2,A,Depth,Depth,56.111111,D,S,38845.000000
Fri Aug 14 20:53:14 2020,14-Aug-2020,225319,47 53.215700 N,063 7.602000 W,4.7,217.5,A,Depth,Depth,56.111111,D,S,38845.000000
Fri Aug 14 20:53:14 2020,14-Aug-2020,225320,47 53.214800 N,063 7.603300 W,4.7,217.8,A,Depth,Depth,56.111111,D,S,38845.000000
Fri Aug 14 20:53:14 2020,14-Aug-2020,225321,47 53.213800 N,063 7.604500 W,4.8,217.8,A,Depth,Depth,56.111111,D,S,38845.000000
Fri Aug 14 20:53:14 2020,14-Aug-2020,225322,47 53.212900 N,063 7.605700 W,4.7,217.8,A,Depth,Depth,56.111111,D,S,38845.000000
Fri Aug 14 20:53:14 2020,14-Aug-2020,225323,47 53.212000 N,063 7.606700 W,4.6,217.8,A,Depth,Depth,56.111111,D,S,38845.000000
Fri Aug 14 20:53:22 2020,14-Aug-2020,225324,47 53.211000 N,063 7.607700 W,4.6,217.7,A,Primary,Headline,43.775510,D,S,53591.000000
Fri Aug 14 20:53:22 2020,14-Aug-2020,225325,47 53.210000 N,063 7.608800 W,4.6,217.4,A,Primary,Headline,43.775510,D,S,53591.000000
Fri Aug 14 20:53:22 2020,14-Aug-2020,225326,47 53.209000 N,063 7.610000 W,4.7,217.2,A,Primary,Headline,43.775510,D,S,53591.000000
Fri Aug 14 20:53:22 2020,14-Aug-2020,225327,47 53.207900 N,063 7.611300 W,4.7,217.2,A,Primary,Headline,43.775510,D,S,53591.000000
Fri Aug 14 20:53:26 2020,14-Aug-2020,225328,47 53.206700 N,063 7.612700 W,4.8,217.2,A,DoorSpread,DoorMaster,0.000000,E,S,217820.000000
Fri Aug 14 20:53:28 2020,14-Aug-2020,225329,47 53.205600 N,063 7.614000 W,4.7,217.2,A,Primary,Headline,14.142857,D,S,126477.000000
Fri Aug 14 20:53:28 2020,14-Aug-2020,225330,47 53.204600 N,063 7.615100 W,4.6,216.9,A,Primary,Headline,14.142857,D,S,126477.000000
Fri Aug 14 20:53:28 2020,14-Aug-2020,225331,47 53.203700 N,063 7.616100 W,4.6,216.7,A,Primary,Headline,14.142857,D,S,126477.000000
Fri Aug 14 20:53:31 2020,14-Aug-2020,225332,47 53.202700 N,063 7.617100 W,4.6,216.4,A,DoorSpread,DoorMaster,0.000000,E,P,62233.000000
Fri Aug 14 20:53:31 2020,14-Aug-2020,225333,47 53.201600 N,063 7.618300 W,4.7,216.3,A,Depth,Depth,53.148148,D,S,80938.000000
Fri Aug 14 20:53:33 2020,14-Aug-2020,225334,47 53.200400 N,063 7.619600 W,4.8,216.5,A,Primary,Headline,30.081633,D,S,43419.000000
Fri Aug 14 20:53:33 2020,14-Aug-2020,225335,47 53.199300 N,063 7.621000 W,4.8,216.8,A,Primary,Headline,30.081633,D,S,43419.000000
Fri Aug 14 20:53:33 2020,14-Aug-2020,225336,47 53.198200 N,063 7.622300 W,4.8,216.9,A,Primary,Headline,30.081633,D,S,43419.000000
Fri Aug 14 20:53:33 2020,14-Aug-2020,225337,47 53.197100 N,063 7.623400 W,4.8,216.7,A,Primary,Headline,30.081633,D,S,43419.000000
Fri Aug 14 20:53:36 2020,14-Aug-2020,225338,47 53.196100 N,063 7.624400 W,4.7,216.4,A,DoorSpread,DoorMaster,0.000000,E,S,179293.000000
Fri Aug 14 20:53:36 2020,14-Aug-2020,225339,47 53.195100 N,063 7.625300 W,4.6,216.4,A,DoorSpread,DoorMaster,0.000000,E,S,179293.000000
Fri Aug 14 20:53:38 2020,14-Aug-2020,225340,47 53.194300 N,063 7.626400 W,4.6,216.7,A,Depth,Depth,56.574074,D,P,50368.000000
Fri Aug 14 20:53:38 2020,14-Aug-2020,225341,47 53.193300 N,063 7.627700 W,4.6,217.1,A,Depth,Depth,56.574074,D,P,50368.000000
Fri Aug 14 20:53:38 2020,14-Aug-2020,225342,47 53.192200 N,063 7.628900 W,4.7,217.3,A,Depth,Depth,56.574074,D,P,50368.000000
Fri Aug 14 20:53:41 2020,14-Aug-2020,225343,47 53.191100 N,063 7.630200 W,4.8,217.3,A,DoorSpread,DoorMaster,0.000000,E,S,264723.000000
Fri Aug 14 20:53:41 2020,14-Aug-2020,225344,47 53.190000 N,063 7.631600 W,4.9,217.4,A,DoorSpread,DoorMaster,0.000000,E,S,264723.000000
Fri Aug 14 20:53:43 2020,14-Aug-2020,225345,47 53.189000 N,063 7.632800 W,4.8,217.5,A,Primary,Headline,13.306122,D,S,152529.000000
Fri Aug 14 20:53:43 2020,14-Aug-2020,225346,47 53.188000 N,063 7.634000 W,4.8,217.7,A,Primary,Headline,13.306122,D,S,152529.000000
Fri Aug 14 20:53:46 2020,14-Aug-2020,225347,47 53.187100 N,063 7.635100 W,4.7,217.7,A,Depth,Depth,52.222222,D,S,54784.000000
Fri Aug 14 20:53:46 2020,14-Aug-2020,225348,47 53.186200 N,063 7.636200 W,4.6,217.5,A,DoorSpread,DoorMaster,0.000000,E,S,178564.000000
Fri Aug 14 20:53:46 2020,14-Aug-2020,225349,47 53.185300 N,063 7.637100 W,4.5,217.0,A,DoorSpread,DoorMaster,0.000000,E,S,178564.000000
Fri Aug 14 20:53:46 2020,14-Aug-2020,225350,47 53.184200 N,063 7.638000 W,4.6,216.5,A,DoorSpread,DoorMaster,0.000000,E,S,178564.000000
Fri Aug 14 20:53:49 2020,14-Aug-2020,225351,47 53.183000 N,063 7.639400 W,4.7,216.3,A,Primary,Headline,51.285714,D,S,30002.000000
Fri Aug 14 20:53:49 2020,14-Aug-2020,225352,47 53.181900 N,063 7.640700 W,4.7,216.4,A,Primary,Headline,51.285714,D,S,30002.000000
Fri Aug 14 20:53:51 2020,14-Aug-2020,225353,47 53.181000 N,063 7.641900 W,4.7,216.5,A,DoorSpread,DoorMaster,0.000000,E,S,172208.000000
Fri Aug 14 20:53:51 2020,14-Aug-2020,225354,47 53.180000 N,063 7.643100 W,4.7,216.4,A,DoorSpread,DoorMaster,0.000000,E,S,172208.000000
Fri Aug 14 20:53:51 2020,14-Aug-2020,225355,47 53.179100 N,063 7.644200 W,4.6,216.3,A,DoorSpread,DoorMaster,0.000000,E,S,172208.000000
Fri Aug 14 20:53:51 2020,14-Aug-2020,225356,47 53.178200 N,063 7.645300 W,4.6,216.3,A,DoorSpread,DoorMaster,0.000000,E,S,172208.000000
Fri Aug 14 20:53:55 2020,14-Aug-2020,225357,47 53.177400 N,063 7.646500 W,4.6,216.4,A,Primary,Headline,53.857143,D,S,81166.000000
Fri Aug 14 20:53:56 2020,14-Aug-2020,225358,47 53.176500 N,063 7.647600 W,4.5,216.4,A,DoorSpread,DoorMaster,0.000000,E,P,101490.000000
Fri Aug 14 20:53:56 2020,14-Aug-2020,225359,47 53.175600 N,063 7.648700 W,4.6,216.4,A,DoorSpread,DoorMaster,0.000000,E,P,101490.000000
Fri Aug 14 20:53:56 2020,14-Aug-2020,225400,47 53.174500 N,063 7.649700 W,4.6,216.3,A,DoorSpread,DoorMaster,0.000000,E,P,101490.000000
Fri Aug 14 20:53:56 2020,14-Aug-2020,225401,47 53.173500 N,063 7.650600 W,4.5,216.2,A,DoorSpread,DoorMaster,0.000000,E,P,101490.000000
Fri Aug 14 20:54:00 2020,14-Aug-2020,225402,47 53.172500 N,063 7.651600 W,4.5,216.0,A,Primary,Headline,21.489796,D,S,51817.000000
Fri Aug 14 20:54:01 2020,14-Aug-2020,225403,47 53.171400 N,063 7.652500 W,4.5,215.6,A,DoorSpread,DoorMaster,0.000000,E,P,77950.000000
Fri Aug 14 20:54:01 2020,14-Aug-2020,225404,47 53.170300 N,063 7.653600 W,4.5,215.4,A,DoorSpread,DoorMaster,0.000000,E,P,77950.000000
Fri Aug 14 20:54:01 2020,14-Aug-2020,225405,47 53.169300 N,063 7.654700 W,4.5,215.6,A,DoorSpread,DoorMaster,0.000000,E,P,77950.000000
Fri Aug 14 20:54:04 2020,14-Aug-2020,225406,47 53.168400 N,063 7.655800 W,4.5,215.9,A,Depth,Depth,63.055556,D,S,57226.000000
Fri Aug 14 20:54:06 2020,14-Aug-2020,225407,47 53.167400 N,063 7.656700 W,4.4,215.9,A,Primary,Headline,11.734694,D,S,153217.000000
Fri Aug 14 20:54:06 2020,14-Aug-2020,225408,47 53.166600 N,063 7.657500 W,4.3,215.6,A,Primary,Headline,11.734694,D,S,153217.000000
Fri Aug 14 20:54:07 2020,14-Aug-2020,225409,47 53.165700 N,063 7.658200 W,4.2,215.3,A,Depth,Depth,60.277778,D,P,64251.000000
Fri Aug 14 20:54:07 2020,14-Aug-2020,225410,47 53.164900 N,063 7.659100 W,4.1,215.5,A,Depth,Depth,60.277778,D,P,64251.000000
Fri Aug 14 20:54:07 2020,14-Aug-2020,225411,47 53.164200 N,063 7.660200 W,4.1,216.2,A,Depth,Depth,60.277778,D,P,64251.000000
Fri Aug 14 20:54:07 2020,14-Aug-2020,225412,47 53.163400 N,063 7.661300 W,3.9,216.6,A,Depth,Depth,60.277778,D,P,64251.000000
Fri Aug 14 20:54:11 2020,14-Aug-2020,225413,47 53.162800 N,063 7.662000 W,3.7,216.8,A,Primary,Headline,44.448980,D,P,170156.000000
Fri Aug 14 20:54:11 2020,14-Aug-2020,225414,47 53.162200 N,063 7.662600 W,3.5,216.6,A,Primary,Headline,44.448980,D,P,170156.000000
Fri Aug 14 20:54:11 2020,14-Aug-2020,225415,47 53.161500 N,063 7.663200 W,3.4,216.4,A,Primary,Headline,44.448980,D,P,170156.000000
Fri Aug 14 20:54:14 2020,14-Aug-2020,225416,47 53.161000 N,063 7.663800 W,3.2,216.3,A,Depth,Depth,62.407407,D,P,38824.000000
Fri Aug 14 20:54:14 2020,14-Aug-2020,225417,47 53.160400 N,063 7.664500 W,3.2,216.4,A,Depth,Depth,62.407407,D,P,38824.000000
Fri Aug 14 20:54:14 2020,14-Aug-2020,225418,47 53.159700 N,063 7.665200 W,3.1,216.6,A,Depth,Depth,62.407407,D,P,38824.000000
Fri Aug 14 20:54:17 2020,14-Aug-2020,225419,47 53.159200 N,063 7.665900 W,3.0,216.9,A,Primary,Headline,48.693878,D,P,70884.000000
Fri Aug 14 20:54:17 2020,14-Aug-2020,225420,47 53.158600 N,063 7.666400 W,2.9,217.0,A,Primary,Headline,48.693878,D,P,70884.000000
Fri Aug 14 20:54:17 2020,14-Aug-2020,225421,47 53.158200 N,063 7.666700 W,2.7,217.1,A,Primary,Headline,48.693878,D,P,70884.000000
Fri Aug 14 20:54:17 2020,14-Aug-2020,225422,47 53.157800 N,063 7.667100 W,2.6,217.1,A,Primary,Headline,48.693878,D,P,70884.000000
Fri Aug 14 20:54:22 2020,14-Aug-2020,225423,47 53.157400 N,063 7.667400 W,2.4,217.1,A,Depth,Depth,64.907407,D,P,94344.000000
Fri Aug 14 20:54:23 2020,14-Aug-2020,225424,47 53.156900 N,063 7.667800 W,2.3,217.0,A,Primary,Headline,44.591837,D,P,206760.000000
Fri Aug 14 20:54:23 2020,14-Aug-2020,225425,47 53.156400 N,063 7.668300 W,2.3,216.7,A,Primary,Headline,44.591837,D,P,206760.000000
Fri Aug 14 20:54:23 2020,14-Aug-2020,225426,47 53.155800 N,063 7.668900 W,2.3,216.6,A,Primary,Headline,44.591837,D,P,206760.000000
Fri Aug 14 20:54:23 2020,14-Aug-2020,225427,47 53.155300 N,063 7.669600 W,2.2,216.6,A,Primary,Headline,44.591837,D,P,206760.000000
Fri Aug 14 20:54:27 2020,14-Aug-2020,225428,47 53.154900 N,063 7.670000 W,2.1,216.6,A,DoorSpread,DoorMaster,6.815000,D,S,38739.000000
Fri Aug 14 20:54:27 2020,14-Aug-2020,225429,47 53.154500 N,063 7.670500 W,2.0,216.5,A,DoorSpread,DoorMaster,6.815000,D,S,38739.000000
Fri Aug 14 20:54:29 2020,14-Aug-2020,225430,47 53.154100 N,063 7.671100 W,2.0,216.5,A,Depth,Depth,83.333333,D,S,30230.000000
Fri Aug 14 20:54:29 2020,14-Aug-2020,225431,47 53.153600 N,063 7.671600 W,2.0,216.5,A,Depth,Depth,83.333333,D,S,30230.000000
Fri Aug 14 20:54:29 2020,14-Aug-2020,225432,47 53.153200 N,063 7.672200 W,2.1,216.6,A,Depth,Depth,83.333333,D,S,30230.000000
Fri Aug 14 20:54:29 2020,14-Aug-2020,225433,47 53.152700 N,063 7.673000 W,2.1,217.0,A,Depth,Depth,83.333333,D,S,30230.000000
Fri Aug 14 20:54:33 2020,14-Aug-2020,225434,47 53.152200 N,063 7.673700 W,2.2,217.4,A,DoorSpread,DoorMaster,6.785000,D,S,49747.000000
Fri Aug 14 20:54:34 2020,14-Aug-2020,225435,47 53.151700 N,063 7.674400 W,2.2,217.7,A,Primary,Headline,19.836735,D,P,26969.000000
Fri Aug 14 20:54:34 2020,14-Aug-2020,225436,47 53.151100 N,063 7.674900 W,2.2,217.7,A,Primary,Headline,19.306122,D,S,47236.000000
Fri Aug 14 20:54:34 2020,14-Aug-2020,225437,47 53.150500 N,063 7.675600 W,2.3,217.7,A,Primary,Headline,19.306122,D,S,47236.000000
Fri Aug 14 20:54:36 2020,14-Aug-2020,225438,47 53.149900 N,063 7.676400 W,2.3,217.9,A,Depth,Depth,46.296296,D,S,25736.000000
Fri Aug 14 20:54:36 2020,14-Aug-2020,225439,47 53.149500 N,063 7.677000 W,2.2,218.1,A,Depth,Depth,46.296296,D,S,25736.000000
Fri Aug 14 20:54:38 2020,14-Aug-2020,225440,47 53.149000 N,063 7.677600 W,2.2,218.2,A,DoorSpread,DoorMaster,6.970000,D,S,37825.000000
Fri Aug 14 20:54:39 2020,14-Aug-2020,225441,47 53.148300 N,063 7.678300 W,2.3,218.1,A,Primary,Headline,28.857143,D,P,58345.000000
Fri Aug 14 20:54:40 2020,14-Aug-2020,225442,47 53.147800 N,063 7.679100 W,2.3,218.3,A,Depth,Depth,75.000000,D,P,38533.000000
Fri Aug 14 20:54:40 2020,14-Aug-2020,225443,47 53.147300 N,063 7.679700 W,2.2,218.4,A,Depth,Depth,75.000000,D,P,38533.000000
Fri Aug 14 20:54:40 2020,14-Aug-2020,225444,47 53.146900 N,063 7.680200 W,2.1,218.4,A,Depth,Depth,75.000000,D,P,38533.000000
Fri Aug 14 20:54:44 2020,14-Aug-2020,225445,47 53.146500 N,063 7.680700 W,2.1,218.5,A,DoorSpread,DoorMaster,6.765000,D,S,45929.000000
Fri Aug 14 20:54:44 2020,14-Aug-2020,225446,47 53.146100 N,063 7.681200 W,2.1,218.5,A,DoorSpread,DoorMaster,6.765000,D,S,45929.000000
Fri Aug 14 20:54:45 2020,14-Aug-2020,225447,47 53.145600 N,063 7.681700 W,2.1,218.7,A,Primary,Headline,55.142857,D,S,72290.000000
Fri Aug 14 20:54:45 2020,14-Aug-2020,225448,47 53.145100 N,063 7.682200 W,2.1,218.7,A,Primary,Headline,55.142857,D,S,72290.000000
Fri Aug 14 20:54:48 2020,14-Aug-2020,225449,47 53.144500 N,063 7.682700 W,2.1,218.6,A,Depth,Depth,82.222222,D,P,29952.000000
Fri Aug 14 20:54:48 2020,14-Aug-2020,225450,47 53.144000 N,063 7.683200 W,2.1,218.5,A,Depth,Depth,82.222222,D,P,29952.000000
Fri Aug 14 20:54:50 2020,14-Aug-2020,225451,47 53.143500 N,063 7.683800 W,2.1,218.3,A,DoorSpread,DoorMaster,6.930000,D,S,32962.000000
Fri Aug 14 20:54:51 2020,14-Aug-2020,225452,47 53.143000 N,063 7.684300 W,2.1,218.0,A,Depth,Depth,73.703704,D,S,46323.000000
Fri Aug 14 20:54:51 2020,14-Aug-2020,225453,47 53.142500 N,063 7.684900 W,2.1,217.8,A,Primary,Headline,59.306122,D,P,46671.000000
Fri Aug 14 20:54:51 2020,14-Aug-2020,225454,47 53.142000 N,063 7.685400 W,2.2,217.9,A,Primary,Headline,59.306122,D,P,46671.000000
Fri Aug 14 20:54:51 2020,14-Aug-2020,225455,47 53.141400 N,063 7.686100 W,2.2,218.0,A,Primary,Headline,59.306122,D,P,46671.000000
Fri Aug 14 20:54:55 2020,14-Aug-2020,225456,47 53.140900 N,063 7.686700 W,2.3,218.2,A,Depth,Depth,54.907407,D,P,52180.000000
Fri Aug 14 20:54:55 2020,14-Aug-2020,225457,47 53.140500 N,063 7.687300 W,2.3,218.3,A,DoorSpread,DoorMaster,7.840000,D,S,32187.000000
Fri Aug 14 20:54:57 2020,14-Aug-2020,225458,47 53.139900 N,063 7.687800 W,2.3,218.2,A,Primary,Headline,31.816327,D,S,40269.000000
Fri Aug 14 20:54:58 2020,14-Aug-2020,225459,47 53.139400 N,063 7.688400 W,2.3,218.1,A,Depth,Depth,58.518519,D,S,19695.000000
Fri Aug 14 20:54:58 2020,14-Aug-2020,225500,47 53.138900 N,063 7.689000 W,2.4,218.2,A,Depth,Depth,58.518519,D,S,19695.000000
Fri Aug 14 20:54:58 2020,14-Aug-2020,225501,47 53.138400 N,063 7.689500 W,2.3,218.4,A,Depth,Depth,58.518519,D,S,19695.000000
Fri Aug 14 20:55:01 2020,14-Aug-2020,225502,47 53.137900 N,063 7.690100 W,2.3,218.2,A,DoorSpread,DoorMaster,7.095000,D,P,35043.000000
Fri Aug 14 20:55:01 2020,14-Aug-2020,225503,47 53.137400 N,063 7.690900 W,2.3,218.2,A,DoorSpread,DoorMaster,7.095000,D,P,35043.000000
Fri Aug 14 20:55:02 2020,14-Aug-2020,225504,47 53.137000 N,063 7.691600 W,2.3,218.3,A,Primary,Headline,19.530612,D,S,52540.000000
Fri Aug 14 20:55:02 2020,14-Aug-2020,225505,47 53.136600 N,063 7.692100 W,2.1,218.3,A,Primary,Headline,19.530612,D,S,52540.000000
Fri Aug 14 20:55:02 2020,14-Aug-2020,225506,47 53.136300 N,063 7.692500 W,2.1,218.1,A,Primary,Headline,19.530612,D,S,52540.000000
Fri Aug 14 20:55:05 2020,14-Aug-2020,225507,47 53.135700 N,063 7.693000 W,2.1,217.6,A,Depth,Depth,70.833333,D,S,19410.000000
Fri Aug 14 20:55:07 2020,14-Aug-2020,225508,47 53.135300 N,063 7.693400 W,2.1,217.6,A,DoorSpread,DoorMaster,7.610000,D,S,46102.000000
Fri Aug 14 20:55:08 2020,14-Aug-2020,225509,47 53.134900 N,063 7.693900 W,2.1,218.0,A,Primary,Headline,24.102041,D,P,45595.000000
Fri Aug 14 20:55:08 2020,14-Aug-2020,225510,47 53.134400 N,063 7.694500 W,2.1,218.3,A,Primary,Headline,24.102041,D,P,45595.000000
Fri Aug 14 20:55:08 2020,14-Aug-2020,225511,47 53.134000 N,063 7.694900 W,2.0,218.4,A,Primary,Headline,24.102041,D,P,45595.000000
Fri Aug 14 20:55:08 2020,14-Aug-2020,225512,47 53.133600 N,063 7.695300 W,2.0,218.4,A,Primary,Headline,24.102041,D,P,45595.000000
Fri Aug 14 20:55:08 2020,14-Aug-2020,225513,47 53.133100 N,063 7.695600 W,2.1,217.8,A,Primary,Headline,24.102041,D,P,45595.000000
Fri Aug 14 20:55:13 2020,14-Aug-2020,225514,47 53.132600 N,063 7.696200 W,2.1,217.6,A,Primary,Headline,31.081633,D,S,37805.000000
Fri Aug 14 20:55:13 2020,14-Aug-2020,225515,47 53.132000 N,063 7.696800 W,2.2,217.5,A,Primary,Headline,31.081633,D,S,37805.000000
Fri Aug 14 20:55:13 2020,14-Aug-2020,225516,47 53.131400 N,063 7.697500 W,2.3,217.3,A,Primary,Headline,31.081633,D,S,37805.000000
Fri Aug 14 20:55:13 2020,14-Aug-2020,225517,47 53.130800 N,063 7.698100 W,2.3,217.0,A,Primary,Headline,31.081633,D,S,37805.000000
Fri Aug 14 20:55:13 2020,14-Aug-2020,225518,47 53.130400 N,063 7.698600 W,2.3,217.0,A,Primary,Headline,31.081633,D,S,37805.000000
Fri Aug 14 20:55:18 2020,14-Aug-2020,225519,47 53.129900 N,063 7.699200 W,2.3,217.1,A,DoorSpread,DoorMaster,8.575000,D,S,27449.000000
Fri Aug 14 20:55:19 2020,14-Aug-2020,225520,47 53.129600 N,063 7.699700 W,2.2,217.2,A,Primary,Headline,43.551020,D,S,36049.000000
Fri Aug 14 20:55:20 2020,14-Aug-2020,225521,47 53.129200 N,063 7.700200 W,2.2,216.9,A,Depth,Depth,56.666667,D,S,37245.000000
Fri Aug 14 20:55:20 2020,14-Aug-2020,225522,47 53.128600 N,063 7.700700 W,2.2,216.6,A,Depth,Depth,56.666667,D,S,37245.000000
Fri Aug 14 20:55:20 2020,14-Aug-2020,225523,47 53.128200 N,063 7.701100 W,2.2,216.4,A,Depth,Depth,56.666667,D,S,37245.000000
Fri Aug 14 20:55:20 2020,14-Aug-2020,225524,47 53.127800 N,063 7.701600 W,2.2,216.4,A,Depth,Depth,56.666667,D,S,37245.000000
Fri Aug 14 20:55:24 2020,14-Aug-2020,225525,47 53.127300 N,063 7.702200 W,2.2,216.5,A,DoorSpread,DoorMaster,6.975000,D,S,66166.000000
Fri Aug 14 20:55:25 2020,14-Aug-2020,225526,47 53.126800 N,063 7.702900 W,2.2,216.7,A,Primary,Headline,49.734694,D,S,47307.000000
Fri Aug 14 20:55:25 2020,14-Aug-2020,225527,47 53.126400 N,063 7.703600 W,2.2,216.9,A,Primary,Headline,49.734694,D,S,47307.000000
Fri Aug 14 20:55:27 2020,14-Aug-2020,225528,47 53.126000 N,063 7.704300 W,2.2,217.1,A,Depth,Depth,75.833333,D,P,30173.000000
Fri Aug 14 20:55:27 2020,14-Aug-2020,225529,47 53.125500 N,063 7.704800 W,2.2,217.1,A,Depth,Depth,75.833333,D,P,30173.000000
Fri Aug 14 20:55:27 2020,14-Aug-2020,225530,47 53.125000 N,063 7.705400 W,2.2,217.1,A,Depth,Depth,75.833333,D,P,30173.000000
Fri Aug 14 20:55:29 2020,14-Aug-2020,225531,47 53.124400 N,063 7.706100 W,2.3,217.5,A,DoorSpread,DoorMaster,8.005000,D,S,33579.000000
Fri Aug 14 20:55:30 2020,14-Aug-2020,225532,47 53.124000 N,063 7.706800 W,2.3,218.1,A,Primary,Headline,43.816327,D,P,68354.000000
Fri Aug 14 20:55:30 2020,14-Aug-2020,225533,47 53.123600 N,063 7.707500 W,2.2,218.5,A,Primary,Headline,43.816327,D,P,68354.000000
Fri Aug 14 20:55:30 2020,14-Aug-2020,225534,47 53.123200 N,063 7.708000 W,2.1,218.7,A,Primary,Headline,43.816327,D,P,68354.000000
Fri Aug 14 20:55:30 2020,14-Aug-2020,225535,47 53.122900 N,063 7.708500 W,2.1,218.9,A,Primary,Headline,43.816327,D,P,68354.000000
Fri Aug 14 20:55:34 2020,14-Aug-2020,225536,47 53.122400 N,063 7.708900 W,2.1,219.0,A,Depth,Depth,76.851852,D,S,38019.000000
Fri Aug 14 20:55:36 2020,14-Aug-2020,225537,47 53.121900 N,063 7.709400 W,2.1,219.1,A,Primary,Headline,33.836735,D,P,54148.000000
Fri Aug 14 20:55:36 2020,14-Aug-2020,225538,47 53.121400 N,063 7.709800 W,2.1,219.2,A,Primary,Headline,33.836735,D,P,54148.000000
Fri Aug 14 20:55:36 2020,14-Aug-2020,225539,47 53.120900 N,063 7.710200 W,2.1,219.0,A,Primary,Headline,33.836735,D,P,54148.000000
Fri Aug 14 20:55:36 2020,14-Aug-2020,225540,47 53.120500 N,063 7.710600 W,2.1,218.8,A,Primary,Headline,33.836735,D,P,54148.000000
Fri Aug 14 20:55:36 2020,14-Aug-2020,225541,47 53.120100 N,063 7.711000 W,2.1,218.8,A,Primary,Headline,33.836735,D,P,54148.000000
Fri Aug 14 20:55:41 2020,14-Aug-2020,225542,47 53.119700 N,063 7.711500 W,2.0,218.8,A,DoorSpread,DoorMaster,8.075000,D,P,41256.000000
Fri Aug 14 20:55:41 2020,14-Aug-2020,225543,47 53.119200 N,063 7.711900 W,2.0,218.6,A,Primary,Headline,28.183673,D,S,98469.000000
Fri Aug 14 20:55:41 2020,14-Aug-2020,225544,47 53.118700 N,063 7.712300 W,2.0,217.9,A,Primary,Headline,28.183673,D,S,98469.000000
Fri Aug 14 20:55:41 2020,14-Aug-2020,225545,47 53.118100 N,063 7.712700 W,2.1,217.3,A,Primary,Headline,28.183673,D,S,98469.000000
Fri Aug 14 20:55:41 2020,14-Aug-2020,225546,47 53.117500 N,063 7.713400 W,2.1,217.2,A,Primary,Headline,28.183673,D,S,98469.000000
Fri Aug 14 20:55:41 2020,14-Aug-2020,225547,47 53.116900 N,063 7.714200 W,2.1,217.2,A,Primary,Headline,28.183673,D,S,98469.000000
Fri Aug 14 20:55:47 2020,14-Aug-2020,225548,47 53.116300 N,063 7.714800 W,2.2,217.1,A,Primary,Headline,17.387755,D,P,70501.000000
Fri Aug 14 20:55:47 2020,14-Aug-2020,225549,47 53.115800 N,063 7.715300 W,2.2,216.7,A,Primary,Headline,17.387755,D,P,70501.000000
Fri Aug 14 20:55:47 2020,14-Aug-2020,225550,47 53.115200 N,063 7.715800 W,2.2,216.3,A,Primary,Headline,17.387755,D,P,70501.000000
Fri Aug 14 20:55:47 2020,14-Aug-2020,225551,47 53.114800 N,063 7.716400 W,2.2,215.8,A,Primary,Headline,17.387755,D,P,70501.000000
Fri Aug 14 20:55:47 2020,14-Aug-2020,225552,47 53.114400 N,063 7.717200 W,2.1,215.7,A,Primary,Headline,17.387755,D,P,70501.000000
Fri Aug 14 20:55:52 2020,14-Aug-2020,225553,47 53.114000 N,063 7.717900 W,2.1,215.7,A,DoorSpread,DoorMaster,6.640000,D,S,37275.000000
Fri Aug 14 20:55:52 2020,14-Aug-2020,225554,47 53.113500 N,063 7.718600 W,2.2,215.8,A,Primary,Headline,45.183673,D,P,72978.000000
Fri Aug 14 20:55:53 2020,14-Aug-2020,225555,47 53.113100 N,063 7.719100 W,2.2,215.9,A,Depth,Depth,74.351852,D,S,44610.000000
Fri Aug 14 20:55:53 2020,14-Aug-2020,225556,47 53.112700 N,063 7.719500 W,2.1,215.9,A,Depth,Depth,74.351852,D,S,44610.000000
Fri Aug 14 20:55:53 2020,14-Aug-2020,225557,47 53.112300 N,063 7.719900 W,2.1,216.0,A,Depth,Depth,74.351852,D,S,44610.000000
Fri Aug 14 20:55:53 2020,14-Aug-2020,225558,47 53.111900 N,063 7.720500 W,2.1,216.0,A,Depth,Depth,74.351852,D,S,44610.000000
Fri Aug 14 20:55:53 2020,14-Aug-2020,225559,47 53.111500 N,063 7.721100 W,2.1,216.4,A,Depth,Depth,74.351852,D,S,44610.000000
Fri Aug 14 20:55:58 2020,14-Aug-2020,225600,47 53.111200 N,063 7.721700 W,2.1,217.0,A,Primary,Headline,47.959184,D,S,42317.000000
Fri Aug 14 20:55:58 2020,14-Aug-2020,225601,47 53.110800 N,063 7.722300 W,2.1,217.5,A,Primary,Headline,47.959184,D,S,42317.000000
Fri Aug 14 20:56:01 2020,14-Aug-2020,225602,47 53.110400 N,063 7.722800 W,2.1,217.8,A,Depth,Depth,91.388889,D,S,45285.000000
Fri Aug 14 20:56:01 2020,14-Aug-2020,225603,47 53.110000 N,063 7.723300 W,2.2,217.7,A,Depth,Depth,91.388889,D,S,45285.000000
Fri Aug 14 20:56:01 2020,14-Aug-2020,225604,47 53.109500 N,063 7.723800 W,2.2,217.5,A,Depth,Depth,91.388889,D,S,45285.000000
Fri Aug 14 20:56:04 2020,14-Aug-2020,225605,47 53.109100 N,063 7.724400 W,2.3,217.7,A,Primary,Headline,30.734694,D,P,87016.000000
Fri Aug 14 20:56:04 2020,14-Aug-2020,225606,47 53.108600 N,063 7.724900 W,2.3,218.0,A,Primary,Headline,30.734694,D,P,87016.000000
Fri Aug 14 20:56:04 2020,14-Aug-2020,225607,47 53.108100 N,063 7.725600 W,2.3,218.1,A,Primary,Headline,30.734694,D,P,87016.000000
Fri Aug 14 20:56:04 2020,14-Aug-2020,225608,47 53.107600 N,063 7.726200 W,2.3,218.1,A,Primary,Headline,30.734694,D,P,87016.000000
Fri Aug 14 20:56:08 2020,14-Aug-2020,225609,47 53.107100 N,063 7.726900 W,2.2,218.1,A,Depth,Depth,57.222222,D,P,52051.000000
Fri Aug 14 20:56:09 2020,14-Aug-2020,225610,47 53.106600 N,063 7.727700 W,2.3,218.0,A,DoorSpread,DoorMaster,6.730000,D,P,33022.000000
Fri Aug 14 20:56:09 2020,14-Aug-2020,225611,47 53.106100 N,063 7.728500 W,2.3,218.3,A,Primary,Headline,49.918367,D,P,36404.000000
Fri Aug 14 20:56:09 2020,14-Aug-2020,225612,47 53.105500 N,063 7.729300 W,2.3,218.5,A,Primary,Headline,49.918367,D,P,36404.000000
Fri Aug 14 20:56:09 2020,14-Aug-2020,225613,47 53.105100 N,063 7.730000 W,2.2,218.9,A,Primary,Headline,49.918367,D,P,36404.000000
Fri Aug 14 20:56:09 2020,14-Aug-2020,225614,47 53.104800 N,063 7.730500 W,2.1,219.2,A,Primary,Headline,49.918367,D,P,36404.000000
Fri Aug 14 20:56:09 2020,14-Aug-2020,225615,47 53.104400 N,063 7.731000 W,2.1,219.5,A,Primary,Headline,49.918367,D,P,36404.000000
Fri Aug 14 20:56:15 2020,14-Aug-2020,225616,47 53.103900 N,063 7.731600 W,2.2,219.3,A,Depth,Depth,79.351852,D,P,32857.000000
Fri Aug 14 20:56:15 2020,14-Aug-2020,225617,47 53.103300 N,063 7.732300 W,2.2,219.4,A,Primary,Headline,49.142857,D,P,58498.000000
Fri Aug 14 20:56:15 2020,14-Aug-2020,225618,47 53.102800 N,063 7.733000 W,2.2,219.7,A,Primary,Headline,49.142857,D,P,58498.000000
Fri Aug 14 20:56:15 2020,14-Aug-2020,225619,47 53.102300 N,063 7.733500 W,2.3,219.7,A,Primary,Headline,49.142857,D,P,58498.000000
Fri Aug 14 20:56:15 2020,14-Aug-2020,225620,47 53.101700 N,063 7.734000 W,2.3,219.4,A,Primary,Headline,49.142857,D,P,58498.000000
Fri Aug 14 20:56:15 2020,14-Aug-2020,225621,47 53.101200 N,063 7.734500 W,2.3,219.0,A,Primary,Headline,49.142857,D,P,58498.000000
Fri Aug 14 20:56:21 2020,14-Aug-2020,225622,47 53.100700 N,063 7.734900 W,2.3,218.5,A,Primary,Headline,31.571429,D,P,59790.000000
Fri Aug 14 20:56:21 2020,14-Aug-2020,225623,47 53.100100 N,063 7.735400 W,2.3,218.3,A,Primary,Headline,31.571429,D,P,59790.000000
Fri Aug 14 20:56:22 2020,14-Aug-2020,225624,47 53.099600 N,063 7.736000 W,2.3,218.5,A,Depth,Depth,58.333333,D,S,40998.000000
Fri Aug 14 20:56:22 2020,14-Aug-2020,225625,47 53.099100 N,063 7.736600 W,2.3,218.5,A,Depth,Depth,58.333333,D,S,40998.000000
Fri Aug 14 20:56:22 2020,14-Aug-2020,225626,47 53.098600 N,063 7.737100 W,2.3,218.3,A,Depth,Depth,58.333333,D,S,40998.000000
Fri Aug 14 20:56:26 2020,14-Aug-2020,225627,47 53.098000 N,063 7.737600 W,2.3,218.2,A,DoorSpread,DoorMaster,7.470000,D,S,37264.000000
Fri Aug 14 20:56:27 2020,14-Aug-2020,225628,47 53.097500 N,063 7.738000 W,2.3,218.0,A,Primary,Headline,58.326531,D,S,48276.000000
Fri Aug 14 20:56:27 2020,14-Aug-2020,225629,47 53.097000 N,063 7.738400 W,2.2,217.9,A,Primary,Headline,58.326531,D,S,48276.000000
Fri Aug 14 20:56:27 2020,14-Aug-2020,225630,47 53.096500 N,063 7.738800 W,2.1,217.8,A,Primary,Headline,58.326531,D,S,48276.000000
Fri Aug 14 20:56:30 2020,14-Aug-2020,225631,47 53.096100 N,063 7.739200 W,2.1,217.8,A,Depth,Depth,75.277778,D,S,32429.000000
Fri Aug 14 20:56:30 2020,14-Aug-2020,225632,47 53.095600 N,063 7.739700 W,2.1,217.1,A,Depth,Depth,75.277778,D,S,32429.000000
Fri Aug 14 20:56:32 2020,14-Aug-2020,225633,47 53.094900 N,063 7.740200 W,2.2,216.2,A,DoorSpread,DoorMaster,6.315000,D,S,56787.000000
Fri Aug 14 20:56:33 2020,14-Aug-2020,225634,47 53.094200 N,063 7.740800 W,2.2,215.9,A,Primary,Headline,56.469388,D,S,61532.000000
Fri Aug 14 20:56:33 2020,14-Aug-2020,225635,47 53.093700 N,063 7.741500 W,2.2,215.9,A,Primary,Headline,56.469388,D,S,61532.000000
Fri Aug 14 20:56:33 2020,14-Aug-2020,225636,47 53.093200 N,063 7.742100 W,2.2,216.0,A,Primary,Headline,56.469388,D,S,61532.000000
Fri Aug 14 20:56:33 2020,14-Aug-2020,225637,47 53.092600 N,063 7.742800 W,2.3,216.2,A,Primary,Headline,56.469388,D,S,61532.000000
Fri Aug 14 20:56:37 2020,14-Aug-2020,225638,47 53.092100 N,063 7.743500 W,2.2,216.8,A,Depth,Depth,75.000000,D,S,52418.000000
Fri Aug 14 20:56:38 2020,14-Aug-2020,225639,47 53.091700 N,063 7.744100 W,2.1,217.2,A,Primary,Headline,8.428571,D,S,43593.000000
Fri Aug 14 20:56:38 2020,14-Aug-2020,225640,47 53.091300 N,063 7.744700 W,2.1,217.6,A,Primary,Headline,8.428571,D,S,43593.000000
Fri Aug 14 20:56:38 2020,14-Aug-2020,225641,47 53.090900 N,063 7.745200 W,2.1,217.9,A,Primary,Headline,8.428571,D,S,43593.000000
Fri Aug 14 20:56:38 2020,14-Aug-2020,225642,47 53.090500 N,063 7.745700 W,2.1,218.2,A,Primary,Headline,8.428571,D,S,43593.000000
Fri Aug 14 20:56:38 2020,14-Aug-2020,225643,47 53.090100 N,063 7.746400 W,2.2,218.6,A,Primary,Headline,8.428571,D,S,43593.000000
Fri Aug 14 20:56:43 2020,14-Aug-2020,225644,47 53.089700 N,063 7.747000 W,2.2,218.8,A,DoorSpread,DoorMaster,7.335000,D,S,50312.000000
Fri Aug 14 20:56:43 2020,14-Aug-2020,225645,47 53.089300 N,063 7.747500 W,2.1,218.8,A,Primary,Headline,44.183673,D,P,50375.000000
Fri Aug 14 20:56:44 2020,14-Aug-2020,225646,47 53.089000 N,063 7.748000 W,2.1,219.4,A,Depth,Depth,87.129630,D,S,64288.000000
Fri Aug 14 20:56:44 2020,14-Aug-2020,225647,47 53.088600 N,063 7.748700 W,2.1,220.2,A,Depth,Depth,87.129630,D,S,64288.000000
Fri Aug 14 20:56:44 2020,14-Aug-2020,225648,47 53.088200 N,063 7.749300 W,2.1,220.9,A,Depth,Depth,87.129630,D,S,64288.000000
Fri Aug 14 20:56:44 2020,14-Aug-2020,225649,47 53.087800 N,063 7.749900 W,2.1,220.8,A,Depth,Depth,87.129630,D,S,64288.000000
Fri Aug 14 20:56:49 2020,14-Aug-2020,225650,47 53.087200 N,063 7.750400 W,2.2,220.2,A,Primary,Headline,40.306122,D,P,73197.000000
Fri Aug 14 20:56:49 2020,14-Aug-2020,225651,47 53.086700 N,063 7.750900 W,2.3,219.9,A,Primary,Headline,40.306122,D,P,73197.000000
Fri Aug 14 20:56:49 2020,14-Aug-2020,225652,47 53.086100 N,063 7.751400 W,2.2,220.0,A,Primary,Headline,40.306122,D,P,73197.000000
Fri Aug 14 20:56:51 2020,14-Aug-2020,225653,47 53.085600 N,063 7.751900 W,2.2,220.3,A,Depth,Depth,67.592593,D,S,30901.000000
Fri Aug 14 20:56:51 2020,14-Aug-2020,225654,47 53.085200 N,063 7.752500 W,2.2,220.4,A,Depth,Depth,67.592593,D,S,30901.000000
Fri Aug 14 20:56:54 2020,14-Aug-2020,225655,47 53.084700 N,063 7.753100 W,2.2,220.3,A,DoorSpread,DoorMaster,6.935000,D,S,44364.000000
Fri Aug 14 20:56:54 2020,14-Aug-2020,225656,47 53.084200 N,063 7.753500 W,2.2,219.9,A,Primary,Headline,8.163265,D,P,70926.000000
Fri Aug 14 20:56:54 2020,14-Aug-2020,225657,47 53.083600 N,063 7.753900 W,2.2,219.3,A,Primary,Headline,8.163265,D,P,70926.000000
Fri Aug 14 20:56:54 2020,14-Aug-2020,225658,47 53.083100 N,063 7.754500 W,2.3,219.1,A,Primary,Headline,8.163265,D,P,70926.000000
Fri Aug 14 20:56:54 2020,14-Aug-2020,225659,47 53.082700 N,063 7.755200 W,2.2,219.0,A,Primary,Headline,8.163265,D,P,70926.000000
Fri Aug 14 20:56:59 2020,14-Aug-2020,225700,47 53.082300 N,063 7.755600 W,2.2,219.0,A,Depth,Depth,78.425926,D,S,50686.000000
Fri Aug 14 20:57:00 2020,14-Aug-2020,225701,47 53.081900 N,063 7.756300 W,2.3,219.2,A,Primary,Headline,49.142857,D,P,63967.000000
Fri Aug 14 20:57:00 2020,14-Aug-2020,225702,47 53.081500 N,063 7.756900 W,2.3,219.3,A,Primary,Headline,51.428571,D,S,65749.000000
Fri Aug 14 20:57:00 2020,14-Aug-2020,225703,47 53.081100 N,063 7.757500 W,2.3,219.3,A,Primary,Headline,51.428571,D,S,65749.000000
Fri Aug 14 20:57:00 2020,14-Aug-2020,225704,47 53.080600 N,063 7.758100 W,2.4,219.3,A,Primary,Headline,51.428571,D,S,65749.000000
Fri Aug 14 20:57:00 2020,14-Aug-2020,225705,47 53.080100 N,063 7.758700 W,2.4,219.0,A,Primary,Headline,51.428571,D,S,65749.000000
Fri Aug 14 20:57:00 2020,14-Aug-2020,225706,47 53.079600 N,063 7.759100 W,2.3,218.8,A,Primary,Headline,51.428571,D,S,65749.000000
Fri Aug 14 20:57:06 2020,14-Aug-2020,225707,47 53.079200 N,063 7.759500 W,2.3,218.7,A,Depth,Depth,69.907407,D,S,41484.000000
Fri Aug 14 20:57:06 2020,14-Aug-2020,225708,47 53.078800 N,063 7.759900 W,2.3,218.5,A,Depth,Depth,69.907407,D,S,41484.000000
Fri Aug 14 20:57:06 2020,14-Aug-2020,225709,47 53.078300 N,063 7.760500 W,2.3,218.4,A,Depth,Depth,69.907407,D,S,41484.000000
Fri Aug 14 20:57:06 2020,14-Aug-2020,225710,47 53.077800 N,063 7.761200 W,2.2,218.4,A,Depth,Depth,69.907407,D,S,41484.000000
Fri Aug 14 20:57:06 2020,14-Aug-2020,225711,47 53.077400 N,063 7.761700 W,2.1,218.5,A,Depth,Depth,69.907407,D,S,41484.000000
Fri Aug 14 20:57:06 2020,14-Aug-2020,225712,47 53.077100 N,063 7.762100 W,2.1,218.4,A,Depth,Depth,69.907407,D,S,41484.000000
Fri Aug 14 20:57:11 2020,14-Aug-2020,225713,47 53.076600 N,063 7.762700 W,2.1,218.3,A,Primary,Headline,56.285714,D,S,58191.000000
Fri Aug 14 20:57:11 2020,14-Aug-2020,225714,47 53.076100 N,063 7.763200 W,2.1,218.2,A,Primary,Headline,56.285714,D,S,58191.000000
Fri Aug 14 20:57:13 2020,14-Aug-2020,225715,47 53.075700 N,063 7.763900 W,2.1,218.0,A,Depth,Depth,74.629630,D,S,61630.000000
Fri Aug 14 20:57:13 2020,14-Aug-2020,225716,47 53.075200 N,063 7.764400 W,2.1,217.9,A,Depth,Depth,74.629630,D,S,61630.000000
Fri Aug 14 20:57:13 2020,14-Aug-2020,225717,47 53.074900 N,063 7.765000 W,2.1,218.3,A,Depth,Depth,74.629630,D,S,61630.000000
Fri Aug 14 20:57:17 2020,14-Aug-2020,225718,47 53.074600 N,063 7.765600 W,2.0,218.6,A,DoorSpread,DoorMaster,8.895000,D,S,46067.000000
Fri Aug 14 20:57:17 2020,14-Aug-2020,225719,47 53.074200 N,063 7.766200 W,2.0,218.8,A,DoorSpread,DoorMaster,8.895000,D,S,46067.000000
Fri Aug 14 20:57:17 2020,14-Aug-2020,225720,47 53.073600 N,063 7.767000 W,2.2,218.6,A,DoorSpread,DoorMaster,8.895000,D,S,46067.000000
Fri Aug 14 20:57:17 2020,14-Aug-2020,225721,47 53.072900 N,063 7.767800 W,2.3,218.4,A,DoorSpread,DoorMaster,8.895000,D,S,46067.000000
Fri Aug 14 20:57:21 2020,14-Aug-2020,225722,47 53.072300 N,063 7.768600 W,2.3,218.5,A,Depth,Depth,82.407407,D,S,48755.000000
Fri Aug 14 20:57:21 2020,14-Aug-2020,225723,47 53.071900 N,063 7.769500 W,2.3,218.7,A,Depth,Depth,82.407407,D,S,48755.000000
Fri Aug 14 20:57:23 2020,14-Aug-2020,225724,47 53.071500 N,063 7.770200 W,2.2,218.8,A,Primary,Headline,56.224490,D,S,48489.000000
Fri Aug 14 20:57:23 2020,14-Aug-2020,225725,47 53.071100 N,063 7.770700 W,2.1,218.8,A,Primary,Headline,56.224490,D,S,48489.000000
Fri Aug 14 20:57:23 2020,14-Aug-2020,225726,47 53.070700 N,063 7.771200 W,2.1,218.6,A,Primary,Headline,56.224490,D,S,48489.000000
Fri Aug 14 20:57:23 2020,14-Aug-2020,225727,47 53.070200 N,063 7.771800 W,2.2,218.1,A,Primary,Headline,56.224490,D,S,48489.000000
Fri Aug 14 20:57:23 2020,14-Aug-2020,225728,47 53.069700 N,063 7.772400 W,2.2,217.8,A,Primary,Headline,56.224490,D,S,48489.000000
Fri Aug 14 20:57:28 2020,14-Aug-2020,225729,47 53.069300 N,063 7.773000 W,2.2,217.9,A,Primary,Headline,18.816327,D,P,13193.000000
Fri Aug 14 20:57:28 2020,14-Aug-2020,225730,47 53.068900 N,063 7.773700 W,2.2,218.1,A,DoorSpread,DoorMaster,8.385000,D,S,33084.000000
Fri Aug 14 20:57:28 2020,14-Aug-2020,225731,47 53.068500 N,063 7.774200 W,2.1,218.3,A,DoorSpread,DoorMaster,8.385000,D,S,33084.000000
Fri Aug 14 20:57:28 2020,14-Aug-2020,225732,47 53.068100 N,063 7.774700 W,2.1,218.4,A,DoorSpread,DoorMaster,8.385000,D,S,33084.000000
Fri Aug 14 20:57:28 2020,14-Aug-2020,225733,47 53.067700 N,063 7.775100 W,2.0,218.5,A,DoorSpread,DoorMaster,8.385000,D,S,33084.000000
Fri Aug 14 20:57:28 2020,14-Aug-2020,225734,47 53.067500 N,063 7.775600 W,1.8,218.8,A,DoorSpread,DoorMaster,8.385000,D,S,33084.000000
Fri Aug 14 20:57:34 2020,14-Aug-2020,225735,47 53.067200 N,063 7.776000 W,1.8,219.0,A,DoorSpread,DoorMaster,7.550000,D,S,54228.000000
Fri Aug 14 20:57:34 2020,14-Aug-2020,225736,47 53.066700 N,063 7.776600 W,2.0,219.0,A,DoorSpread,DoorMaster,7.550000,D,S,54228.000000
Fri Aug 14 20:57:34 2020,14-Aug-2020,225737,47 53.066000 N,063 7.777200 W,2.1,218.8,A,DoorSpread,DoorMaster,7.550000,D,S,54228.000000
Fri Aug 14 20:57:34 2020,14-Aug-2020,225738,47 53.065400 N,063 7.777900 W,2.2,219.0,A,DoorSpread,DoorMaster,7.550000,D,S,54228.000000
Fri Aug 14 20:57:37 2020,14-Aug-2020,225739,47 53.064800 N,063 7.778500 W,2.3,219.0,A,Depth,Depth,68.055556,D,S,55503.000000
Fri Aug 14 20:57:39 2020,14-Aug-2020,225740,47 53.064200 N,063 7.779100 W,2.3,218.8,A,Primary,Headline,19.591837,D,P,22145.000000
Fri Aug 14 20:57:40 2020,14-Aug-2020,225741,47 53.063700 N,063 7.779600 W,2.2,218.7,A,DoorSpread,DoorMaster,7.515000,D,S,49641.000000
Fri Aug 14 20:57:40 2020,14-Aug-2020,225742,47 53.063400 N,063 7.780000 W,2.1,218.7,A,DoorSpread,DoorMaster,7.515000,D,S,49641.000000
Fri Aug 14 20:57:40 2020,14-Aug-2020,225743,47 53.063000 N,063 7.780700 W,2.1,219.3,A,DoorSpread,DoorMaster,7.515000,D,S,49641.000000
Fri Aug 14 20:57:40 2020,14-Aug-2020,225744,47 53.062500 N,063 7.781500 W,2.2,219.8,A,DoorSpread,DoorMaster,7.515000,D,S,49641.000000
Fri Aug 14 20:57:40 2020,14-Aug-2020,225745,47 53.062000 N,063 7.782100 W,2.2,220.0,A,DoorSpread,DoorMaster,7.515000,D,S,49641.000000
Fri Aug 14 20:57:45 2020,14-Aug-2020,225746,47 53.061500 N,063 7.782700 W,2.1,220.2,A,Depth,Depth,89.074074,D,S,55243.000000
Fri Aug 14 20:57:45 2020,14-Aug-2020,225747,47 53.061200 N,063 7.783200 W,2.0,220.3,A,DoorSpread,DoorMaster,7.215000,D,P,47740.000000
Fri Aug 14 20:57:45 2020,14-Aug-2020,225748,47 53.060800 N,063 7.783800 W,2.1,220.4,A,DoorSpread,DoorMaster,7.215000,D,P,47740.000000
Fri Aug 14 20:57:45 2020,14-Aug-2020,225749,47 53.060300 N,063 7.784400 W,2.1,220.5,A,DoorSpread,DoorMaster,7.215000,D,P,47740.000000
Fri Aug 14 20:57:45 2020,14-Aug-2020,225750,47 53.059900 N,063 7.784900 W,2.0,220.5,A,DoorSpread,DoorMaster,7.215000,D,P,47740.000000
Fri Aug 14 20:57:50 2020,14-Aug-2020,225751,47 53.059600 N,063 7.785400 W,2.0,220.5,A,Primary,Headline,31.102041,D,S,47275.000000
Fri Aug 14 20:57:51 2020,14-Aug-2020,225752,47 53.059100 N,063 7.786000 W,2.0,220.6,A,DoorSpread,DoorMaster,8.315000,D,P,42008.000000
Fri Aug 14 20:57:52 2020,14-Aug-2020,225753,47 53.058600 N,063 7.786600 W,2.1,220.2,A,Depth,Depth,65.925926,D,S,21738.000000
Fri Aug 14 20:57:52 2020,14-Aug-2020,225754,47 53.058200 N,063 7.787100 W,2.1,220.0,A,Depth,Depth,65.925926,D,S,21738.000000
Fri Aug 14 20:57:52 2020,14-Aug-2020,225755,47 53.057800 N,063 7.787700 W,2.1,220.0,A,Depth,Depth,65.925926,D,S,21738.000000
Fri Aug 14 20:57:52 2020,14-Aug-2020,225756,47 53.057300 N,063 7.788300 W,2.0,219.9,A,Depth,Depth,65.925926,D,S,21738.000000
Fri Aug 14 20:57:56 2020,14-Aug-2020,225757,47 53.057000 N,063 7.788800 W,2.1,219.7,A,Primary,Headline,36.020408,D,S,78829.000000
Fri Aug 14 20:57:56 2020,14-Aug-2020,225758,47 53.056500 N,063 7.789400 W,2.0,219.4,A,DoorSpread,DoorMaster,6.820000,D,P,45940.000000
Fri Aug 14 20:57:56 2020,14-Aug-2020,225759,47 53.056000 N,063 7.790000 W,2.0,219.3,A,DoorSpread,DoorMaster,6.820000,D,P,45940.000000
Fri Aug 14 20:57:56 2020,14-Aug-2020,225800,47 53.055500 N,063 7.790700 W,2.1,219.1,A,DoorSpread,DoorMaster,6.820000,D,P,45940.000000
Fri Aug 14 20:57:59 2020,14-Aug-2020,225801,47 53.054800 N,063 7.791500 W,2.2,218.7,A,Depth,Depth,65.740741,D,S,42412.000000
Fri Aug 14 20:57:59 2020,14-Aug-2020,225802,47 53.054100 N,063 7.792300 W,2.4,218.3,A,Depth,Depth,65.740741,D,S,42412.000000
Fri Aug 14 20:58:01 2020,14-Aug-2020,225803,47 53.053500 N,063 7.792800 W,2.3,218.1,A,Primary,Headline,46.081633,D,S,48035.000000
Fri Aug 14 20:58:02 2020,14-Aug-2020,225804,47 53.053000 N,063 7.793200 W,2.2,217.9,A,DoorSpread,DoorMaster,9.005000,D,P,21796.000000
Fri Aug 14 20:58:02 2020,14-Aug-2020,225805,47 53.052600 N,063 7.793400 W,2.0,217.8,A,DoorSpread,DoorMaster,9.005000,D,P,21796.000000
Fri Aug 14 20:58:02 2020,14-Aug-2020,225806,47 53.052500 N,063 7.793500 W,1.8,217.8,A,DoorSpread,DoorMaster,9.005000,D,P,21796.000000
Fri Aug 14 20:58:02 2020,14-Aug-2020,225807,47 53.052200 N,063 7.793700 W,1.9,217.7,A,DoorSpread,DoorMaster,9.005000,D,P,21796.000000
Fri Aug 14 20:58:07 2020,14-Aug-2020,225808,47 53.051700 N,063 7.794400 W,2.0,217.9,A,Primary,Headline,11.877551,D,S,87864.000000
Fri Aug 14 20:58:08 2020,14-Aug-2020,225809,47 53.051200 N,063 7.795100 W,2.0,218.2,A,DoorSpread,DoorMaster,7.360000,D,S,52363.000000
Fri Aug 14 20:58:08 2020,14-Aug-2020,225810,47 53.050900 N,063 7.795700 W,2.0,218.4,A,DoorSpread,DoorMaster,7.360000,D,S,52363.000000
Fri Aug 14 20:58:08 2020,14-Aug-2020,225811,47 53.050400 N,063 7.796200 W,2.0,217.9,A,DoorSpread,DoorMaster,7.360000,D,S,52363.000000
Fri Aug 14 20:58:08 2020,14-Aug-2020,225812,47 53.049900 N,063 7.796600 W,2.0,217.6,A,DoorSpread,DoorMaster,7.360000,D,S,52363.000000
Fri Aug 14 20:58:08 2020,14-Aug-2020,225813,47 53.049600 N,063 7.797000 W,1.9,217.4,A,DoorSpread,DoorMaster,7.360000,D,S,52363.000000
Fri Aug 14 20:58:13 2020,14-Aug-2020,225814,47 53.049100 N,063 7.797600 W,2.1,217.4,A,Primary,Headline,49.489796,D,S,79075.000000
Fri Aug 14 20:58:14 2020,14-Aug-2020,225815,47 53.048700 N,063 7.798500 W,2.1,217.7,A,Depth,Depth,73.425926,D,P,30779.000000
Fri Aug 14 20:58:14 2020,14-Aug-2020,225816,47 53.048400 N,063 7.799200 W,2.1,218.4,A,Depth,Depth,73.425926,D,P,30779.000000
Fri Aug 14 20:58:14 2020,14-Aug-2020,225817,47 53.048200 N,063 7.799800 W,2.1,219.1,A,Depth,Depth,73.425926,D,P,30779.000000
Fri Aug 14 20:58:14 2020,14-Aug-2020,225818,47 53.047800 N,063 7.800300 W,2.1,219.2,A,Depth,Depth,73.425926,D,P,30779.000000
Fri Aug 14 20:58:14 2020,14-Aug-2020,225819,47 53.047400 N,063 7.800800 W,2.1,219.3,A,Depth,Depth,73.425926,D,P,30779.000000
Fri Aug 14 20:58:19 2020,14-Aug-2020,225820,47 53.047000 N,063 7.801300 W,2.0,219.4,A,DoorSpread,DoorMaster,7.930000,D,P,20535.000000
Fri Aug 14 20:58:19 2020,14-Aug-2020,225821,47 53.046600 N,063 7.801900 W,2.1,219.6,A,DoorSpread,DoorMaster,7.190000,D,S,48339.000000
Fri Aug 14 20:58:21 2020,14-Aug-2020,225822,47 53.046100 N,063 7.802500 W,2.2,219.3,A,Depth,Depth,50.833333,D,P,32042.000000
Fri Aug 14 20:58:21 2020,14-Aug-2020,225823,47 53.045500 N,063 7.803000 W,2.1,219.2,A,Depth,Depth,50.833333,D,P,32042.000000
Fri Aug 14 20:58:21 2020,14-Aug-2020,225824,47 53.045000 N,063 7.803600 W,2.1,219.4,A,Depth,Depth,50.833333,D,P,32042.000000
Fri Aug 14 20:58:21 2020,14-Aug-2020,225825,47 53.044500 N,063 7.804300 W,2.1,219.6,A,Depth,Depth,50.833333,D,P,32042.000000
Fri Aug 14 20:58:25 2020,14-Aug-2020,225826,47 53.044000 N,063 7.805000 W,2.1,219.8,A,DoorSpread,DoorMaster,7.245000,D,S,66817.000000
Fri Aug 14 20:58:25 2020,14-Aug-2020,225827,47 53.043400 N,063 7.805600 W,2.2,219.4,A,DoorSpread,DoorMaster,7.245000,D,S,66817.000000
Fri Aug 14 20:58:26 2020,14-Aug-2020,225828,47 53.042800 N,063 7.806200 W,2.1,219.2,A,Depth,Depth,74.814815,D,S,50587.000000
Fri Aug 14 20:58:26 2020,14-Aug-2020,225829,47 53.042300 N,063 7.806800 W,2.1,218.9,A,Depth,Depth,74.814815,D,S,50587.000000
Fri Aug 14 20:58:26 2020,14-Aug-2020,225830,47 53.041900 N,063 7.807300 W,2.0,218.8,A,Depth,Depth,74.814815,D,S,50587.000000
Fri Aug 14 20:58:29 2020,14-Aug-2020,225831,47 53.041500 N,063 7.807900 W,2.0,218.8,A,Primary,Headline,17.448980,D,P,65219.000000
Fri Aug 14 20:58:30 2020,14-Aug-2020,225832,47 53.040900 N,063 7.808800 W,2.2,218.8,A,DoorSpread,DoorMaster,7.210000,D,S,70783.000000
Fri Aug 14 20:58:30 2020,14-Aug-2020,225833,47 53.040200 N,063 7.809500 W,2.3,218.8,A,DoorSpread,DoorMaster,7.210000,D,S,70783.000000
Fri Aug 14 20:58:30 2020,14-Aug-2020,225834,47 53.039700 N,063 7.810000 W,2.3,218.8,A,DoorSpread,DoorMaster,7.210000,D,S,70783.000000
Fri Aug 14 20:58:33 2020,14-Aug-2020,225835,47 53.039400 N,063 7.810600 W,2.3,219.3,A,Depth,Depth,81.388889,D,S,34896.000000
Fri Aug 14 20:58:33 2020,14-Aug-2020,225836,47 53.039000 N,063 7.811300 W,2.2,220.1,A,Depth,Depth,81.388889,D,S,34896.000000
Fri Aug 14 20:58:36 2020,14-Aug-2020,225837,47 53.038600 N,063 7.811900 W,2.2,220.7,A,DoorSpread,DoorMaster,7.115000,D,S,55256.000000
Fri Aug 14 20:58:36 2020,14-Aug-2020,225838,47 53.038000 N,063 7.812400 W,2.3,220.9,A,DoorSpread,DoorMaster,7.115000,D,S,55256.000000
Fri Aug 14 20:58:36 2020,14-Aug-2020,225839,47 53.037400 N,063 7.813000 W,2.3,221.0,A,DoorSpread,DoorMaster,7.115000,D,S,55256.000000
Fri Aug 14 20:58:36 2020,14-Aug-2020,225840,47 53.036900 N,063 7.813500 W,2.3,221.1,A,DoorSpread,DoorMaster,7.115000,D,S,55256.000000
Fri Aug 14 20:58:36 2020,14-Aug-2020,225841,47 53.036300 N,063 7.814200 W,2.3,221.2,A,DoorSpread,DoorMaster,7.115000,D,S,55256.000000
Fri Aug 14 20:58:41 2020,14-Aug-2020,225842,47 53.035800 N,063 7.814800 W,2.3,221.2,A,Primary,Headline,43.918367,D,P,69308.000000
Fri Aug 14 20:58:42 2020,14-Aug-2020,225843,47 53.035200 N,063 7.815400 W,2.3,221.1,A,DoorSpread,DoorMaster,7.240000,D,P,47302.000000
Fri Aug 14 20:58:42 2020,14-Aug-2020,225844,47 53.034500 N,063 7.816200 W,2.4,220.9,A,DoorSpread,DoorMaster,7.240000,D,P,47302.000000
Fri Aug 14 20:58:42 2020,14-Aug-2020,225845,47 53.034000 N,063 7.816900 W,2.5,220.8,A,DoorSpread,DoorMaster,7.240000,D,P,47302.000000
Fri Aug 14 20:58:42 2020,14-Aug-2020,225846,47 53.033600 N,063 7.817600 W,2.4,221.1,A,DoorSpread,DoorMaster,7.240000,D,P,47302.000000
Fri Aug 14 20:58:42 2020,14-Aug-2020,225847,47 53.033300 N,063 7.818100 W,2.3,221.5,A,DoorSpread,DoorMaster,7.240000,D,P,47302.000000
Fri Aug 14 20:58:47 2020,14-Aug-2020,225848,47 53.032900 N,063 7.818700 W,2.3,221.6,A,Primary,Headline,31.591837,D,P,75660.000000
Fri Aug 14 20:58:48 2020,14-Aug-2020,225849,47 53.032500 N,063 7.819100 W,2.2,221.8,A,Depth,Depth,76.481481,D,S,88504.000000
Fri Aug 14 20:58:48 2020,14-Aug-2020,225850,47 53.032200 N,063 7.819800 W,2.3,222.2,A,Depth,Depth,76.481481,D,S,88504.000000
Fri Aug 14 20:58:48 2020,14-Aug-2020,225851,47 53.031800 N,063 7.820500 W,2.3,222.6,A,Depth,Depth,76.481481,D,S,88504.000000
Fri Aug 14 20:58:48 2020,14-Aug-2020,225852,47 53.031400 N,063 7.821100 W,2.2,222.8,A,Depth,Depth,76.481481,D,S,88504.000000
Fri Aug 14 20:58:52 2020,14-Aug-2020,225853,47 53.031100 N,063 7.821600 W,2.1,223.0,A,Primary,Headline,19.306122,D,S,49144.000000
Fri Aug 14 20:58:53 2020,14-Aug-2020,225854,47 53.030800 N,063 7.822100 W,2.0,223.2,A,DoorSpread,DoorMaster,6.875000,D,S,52172.000000
Fri Aug 14 20:58:53 2020,14-Aug-2020,225855,47 53.030300 N,063 7.822800 W,2.1,223.3,A,DoorSpread,DoorMaster,6.875000,D,S,52172.000000
Fri Aug 14 20:58:53 2020,14-Aug-2020,225856,47 53.029700 N,063 7.823600 W,2.2,223.7,A,DoorSpread,DoorMaster,6.875000,D,S,52172.000000
Fri Aug 14 20:58:55 2020,14-Aug-2020,225857,47 53.029200 N,063 7.824400 W,2.3,224.2,A,Depth,Depth,78.055556,D,P,61859.000000
Fri Aug 14 20:58:55 2020,14-Aug-2020,225858,47 53.028900 N,063 7.825100 W,2.2,224.6,A,Depth,Depth,78.055556,D,P,61859.000000
Fri Aug 14 20:58:58 2020,14-Aug-2020,225859,47 53.028600 N,063 7.825700 W,2.1,225.2,A,Primary,Headline,48.489796,D,S,95070.000000
Fri Aug 14 20:58:59 2020,14-Aug-2020,225900,47 53.028100 N,063 7.826200 W,2.1,225.0,A,DoorSpread,DoorMaster,7.060000,D,S,54818.000000
Fri Aug 14 20:58:59 2020,14-Aug-2020,225901,47 53.027500 N,063 7.826500 W,2.2,224.4,A,DoorSpread,DoorMaster,7.060000,D,S,54818.000000
Fri Aug 14 20:58:59 2020,14-Aug-2020,225902,47 53.026900 N,063 7.827000 W,2.2,224.1,A,DoorSpread,DoorMaster,7.060000,D,S,54818.000000
Fri Aug 14 20:58:59 2020,14-Aug-2020,225903,47 53.026500 N,063 7.827400 W,2.2,223.8,A,DoorSpread,DoorMaster,7.060000,D,S,54818.000000
Fri Aug 14 20:59:02 2020,14-Aug-2020,225904,47 53.026000 N,063 7.827900 W,2.2,223.7,A,Depth,Depth,74.351852,D,P,35305.000000
Fri Aug 14 20:59:03 2020,14-Aug-2020,225905,47 53.025700 N,063 7.828300 W,2.1,223.7,A,Primary,Headline,41.469388,D,S,84969.000000
Fri Aug 14 20:59:04 2020,14-Aug-2020,225906,47 53.025400 N,063 7.828700 W,2.0,223.7,A,DoorSpread,DoorMaster,7.005000,D,P,44225.000000
Fri Aug 14 20:59:04 2020,14-Aug-2020,225907,47 53.024900 N,063 7.829100 W,2.0,223.7,A,DoorSpread,DoorMaster,7.005000,D,P,44225.000000
Fri Aug 14 20:59:04 2020,14-Aug-2020,225908,47 53.024400 N,063 7.829600 W,2.1,223.2,A,DoorSpread,DoorMaster,7.005000,D,P,44225.000000
Fri Aug 14 20:59:04 2020,14-Aug-2020,225909,47 53.023700 N,063 7.830200 W,2.3,221.8,A,DoorSpread,DoorMaster,7.005000,D,P,44225.000000
Fri Aug 14 20:59:09 2020,14-Aug-2020,225910,47 53.023000 N,063 7.830900 W,2.3,221.0,A,Primary,Headline,24.183673,D,P,60680.000000
Fri Aug 14 20:59:10 2020,14-Aug-2020,225911,47 53.022600 N,063 7.831400 W,2.2,220.5,A,Depth,Depth,74.166667,D,P,58870.000000
Fri Aug 14 20:59:10 2020,14-Aug-2020,225912,47 53.022200 N,063 7.831800 W,2.1,220.1,A,Depth,Depth,74.166667,D,P,58870.000000
Fri Aug 14 20:59:10 2020,14-Aug-2020,225913,47 53.021700 N,063 7.832500 W,2.3,219.9,A,Depth,Depth,74.166667,D,P,58870.000000
Fri Aug 14 20:59:10 2020,14-Aug-2020,225914,47 53.021100 N,063 7.833300 W,2.4,219.8,A,Depth,Depth,74.166667,D,P,58870.000000
Fri Aug 14 20:59:10 2020,14-Aug-2020,225915,47 53.020500 N,063 7.834100 W,2.5,219.8,A,Depth,Depth,74.166667,D,P,58870.000000
Fri Aug 14 20:59:14 2020,14-Aug-2020,225916,47 53.019800 N,063 7.834800 W,2.7,219.3,A,Primary,Headline,37.816327,D,S,70202.000000
Fri Aug 14 20:59:14 2020,14-Aug-2020,225917,47 53.019300 N,063 7.835400 W,2.6,218.8,A,Primary,Headline,37.816327,D,S,70202.000000
Fri Aug 14 20:59:17 2020,14-Aug-2020,225918,47 53.018900 N,063 7.835800 W,2.4,218.4,A,Depth,Depth,74.907407,D,P,54376.000000
Fri Aug 14 20:59:17 2020,14-Aug-2020,225919,47 53.018500 N,063 7.836300 W,2.3,218.1,A,Depth,Depth,74.907407,D,P,54376.000000
Fri Aug 14 20:59:17 2020,14-Aug-2020,225920,47 53.018100 N,063 7.837000 W,2.4,218.1,A,Depth,Depth,74.907407,D,P,54376.000000
Fri Aug 14 20:59:19 2020,14-Aug-2020,225921,47 53.017600 N,063 7.837700 W,2.5,218.4,A,Primary,Headline,12.918367,D,S,60521.000000
Fri Aug 14 20:59:19 2020,14-Aug-2020,225922,47 53.017100 N,063 7.838400 W,2.5,218.6,A,Primary,Headline,12.918367,D,S,60521.000000
Fri Aug 14 20:59:21 2020,14-Aug-2020,225923,47 53.016700 N,063 7.839100 W,2.4,218.8,A,DoorSpread,DoorMaster,9.190000,D,P,20537.000000
Fri Aug 14 20:59:21 2020,14-Aug-2020,225924,47 53.016400 N,063 7.839800 W,2.2,219.0,A,DoorSpread,DoorMaster,9.190000,D,P,20537.000000
Fri Aug 14 20:59:21 2020,14-Aug-2020,225925,47 53.016200 N,063 7.840300 W,2.1,219.3,A,DoorSpread,DoorMaster,9.190000,D,P,20537.000000
Fri Aug 14 20:59:25 2020,14-Aug-2020,225926,47 53.016000 N,063 7.840800 W,2.0,219.6,A,Primary,Headline,31.244898,D,P,48233.000000
Fri Aug 14 20:59:25 2020,14-Aug-2020,225927,47 53.015800 N,063 7.841200 W,1.9,219.9,A,Primary,Headline,28.816327,D,S,58701.000000
Fri Aug 14 20:59:27 2020,14-Aug-2020,225928,47 53.015400 N,063 7.841600 W,1.9,220.2,A,DoorSpread,DoorMaster,7.895000,D,S,28024.000000
Fri Aug 14 20:59:27 2020,14-Aug-2020,225929,47 53.015000 N,063 7.842300 W,2.0,220.6,A,DoorSpread,DoorMaster,7.895000,D,S,28024.000000
Fri Aug 14 20:59:27 2020,14-Aug-2020,225930,47 53.014500 N,063 7.843100 W,2.0,220.7,A,DoorSpread,DoorMaster,7.895000,D,S,28024.000000
Fri Aug 14 20:59:27 2020,14-Aug-2020,225931,47 53.014100 N,063 7.843800 W,2.0,221.1,A,DoorSpread,DoorMaster,7.895000,D,S,28024.000000
Fri Aug 14 20:59:31 2020,14-Aug-2020,225932,47 53.013700 N,063 7.844500 W,2.1,221.5,A,Primary,Headline,37.938776,D,P,48698.000000
Fri Aug 14 20:59:32 2020,14-Aug-2020,225933,47 53.013300 N,063 7.845200 W,2.1,221.6,A,Depth,Depth,76.851852,D,S,34958.000000
Fri Aug 14 20:59:32 2020,14-Aug-2020,225934,47 53.012900 N,063 7.845800 W,2.1,221.6,A,DoorSpread,DoorMaster,6.385000,D,S,42980.000000
Fri Aug 14 20:59:32 2020,14-Aug-2020,225935,47 53.012600 N,063 7.846600 W,2.1,221.8,A,DoorSpread,DoorMaster,6.385000,D,S,42980.000000
Fri Aug 14 20:59:32 2020,14-Aug-2020,225936,47 53.012300 N,063 7.847400 W,2.1,221.9,A,DoorSpread,DoorMaster,6.385000,D,S,42980.000000
Fri Aug 14 20:59:36 2020,14-Aug-2020,225937,47 53.012000 N,063 7.848300 W,2.1,222.1,A,Primary,Headline,10.346939,D,S,63419.000000
Fri Aug 14 20:59:36 2020,14-Aug-2020,225938,47 53.011600 N,063 7.849000 W,2.1,222.3,A,Primary,Headline,10.346939,D,S,63419.000000
Fri Aug 14 20:59:36 2020,14-Aug-2020,225939,47 53.011100 N,063 7.849800 W,2.1,222.4,A,Primary,Headline,10.346939,D,S,63419.000000
Fri Aug 14 20:59:39 2020,14-Aug-2020,225940,47 53.010600 N,063 7.850500 W,2.1,222.5,A,Depth,Depth,58.333333,D,P,50379.000000
Fri Aug 14 20:59:39 2020,14-Aug-2020,225941,47 53.010200 N,063 7.851100 W,2.0,222.5,A,Depth,Depth,58.333333,D,P,50379.000000
Fri Aug 14 20:59:41 2020,14-Aug-2020,225942,47 53.009900 N,063 7.851700 W,1.9,222.5,A,Primary,Headline,15.673469,D,P,74204.000000
Fri Aug 14 20:59:41 2020,14-Aug-2020,225943,47 53.009500 N,063 7.852300 W,1.9,222.5,A,Primary,Headline,15.673469,D,P,74204.000000
Fri Aug 14 20:59:41 2020,14-Aug-2020,225944,47 53.009200 N,063 7.852800 W,1.9,222.5,A,Primary,Headline,15.673469,D,P,74204.000000
Fri Aug 14 20:59:44 2020,14-Aug-2020,225945,47 53.008700 N,063 7.853500 W,2.0,222.4,A,DoorSpread,DoorMaster,7.575000,D,P,53411.000000
Fri Aug 14 20:59:44 2020,14-Aug-2020,225946,47 53.008200 N,063 7.854100 W,2.1,222.0,A,DoorSpread,DoorMaster,7.575000,D,P,53411.000000
Fri Aug 14 20:59:46 2020,14-Aug-2020,225947,47 53.007500 N,063 7.854600 W,2.3,220.2,A,Depth,Depth,71.111111,D,S,49812.000000
Fri Aug 14 20:59:47 2020,14-Aug-2020,225948,47 53.006700 N,063 7.854900 W,2.3,219.0,A,Primary,Headline,51.551020,D,S,86084.000000
Fri Aug 14 20:59:47 2020,14-Aug-2020,225949,47 53.006100 N,063 7.855300 W,2.3,218.2,A,Primary,Headline,51.551020,D,S,86084.000000
Fri Aug 14 20:59:47 2020,14-Aug-2020,225950,47 53.005500 N,063 7.855900 W,2.4,217.5,A,Primary,Headline,51.551020,D,S,86084.000000
Fri Aug 14 20:59:50 2020,14-Aug-2020,225951,47 53.004900 N,063 7.856500 W,2.4,217.0,A,DoorSpread,DoorMaster,6.740000,D,P,70101.000000
Fri Aug 14 20:59:50 2020,14-Aug-2020,225952,47 53.004300 N,063 7.857100 W,2.4,216.5,A,DoorSpread,DoorMaster,6.740000,D,P,70101.000000
Fri Aug 14 20:59:50 2020,14-Aug-2020,225953,47 53.003800 N,063 7.857600 W,2.4,216.4,A,DoorSpread,DoorMaster,6.740000,D,P,70101.000000
Fri Aug 14 20:59:52 2020,14-Aug-2020,225954,47 53.003400 N,063 7.858200 W,2.4,216.6,A,Primary,Headline,33.836735,D,S,54028.000000
Fri Aug 14 20:59:53 2020,14-Aug-2020,225955,47 53.003000 N,063 7.858800 W,2.3,216.9,A,Depth,Depth,71.203704,D,S,42995.000000
Fri Aug 14 20:59:53 2020,14-Aug-2020,225956,47 53.002500 N,063 7.859300 W,2.3,217.0,A,Depth,Depth,71.203704,D,S,42995.000000
Fri Aug 14 20:59:55 2020,14-Aug-2020,225957,47 53.002100 N,063 7.859700 W,2.2,217.1,A,DoorSpread,DoorMaster,7.665000,D,S,47646.000000
Fri Aug 14 20:59:55 2020,14-Aug-2020,225958,47 53.001600 N,063 7.860200 W,2.2,217.2,A,DoorSpread,DoorMaster,7.665000,D,S,47646.000000
Fri Aug 14 20:59:57 2020,14-Aug-2020,225959,47 53.001200 N,063 7.860900 W,2.2,217.6,A,Primary,Headline,0.653061,D,S,37372.000000
Fri Aug 14 20:59:57 2020,14-Aug-2020,230000,47 53.000900 N,063 7.861500 W,2.1,217.9,A,Primary,Headline,0.653061,D,S,37372.000000
Fri Aug 14 20:59:57 2020,14-Aug-2020,230001,47 53.000600 N,063 7.862100 W,2.0,218.3,A,Primary,Headline,0.653061,D,S,37372.000000
Fri Aug 14 21:00:01 2020,14-Aug-2020,230002,47 53.000300 N,063 7.862600 W,1.9,218.6,A,DoorSpread,DoorMaster,8.375000,D,S,56573.000000
Fri Aug 14 21:00:01 2020,14-Aug-2020,230003,47 53.000000 N,063 7.863100 W,2.0,218.8,A,DoorSpread,DoorMaster,8.375000,D,S,56573.000000
Fri Aug 14 21:00:02 2020,14-Aug-2020,230004,47 52.999600 N,063 7.863700 W,2.0,218.9,A,Primary,Headline,6.632653,D,S,59145.000000
Fri Aug 14 21:00:02 2020,14-Aug-2020,230005,47 52.999200 N,063 7.864200 W,1.9,219.0,A,Primary,Headline,6.632653,D,S,59145.000000
Fri Aug 14 21:00:02 2020,14-Aug-2020,230006,47 52.998900 N,063 7.864800 W,1.9,219.0,A,Primary,Headline,6.632653,D,S,59145.000000
Fri Aug 14 21:00:02 2020,14-Aug-2020,230007,47 52.998200 N,063 7.865600 W,2.4,216.4,A,Primary,Headline,6.632653,D,S,59145.000000
Fri Aug 14 21:00:06 2020,14-Aug-2020,230008,47 52.997300 N,063 7.866500 W,2.5,215.5,A,DoorSpread,DoorMaster,6.985000,D,S,59966.000000
Fri Aug 14 21:00:08 2020,14-Aug-2020,230009,47 52.996700 N,063 7.867200 W,2.5,215.2,A,Depth,Depth,70.185185,D,P,63239.000000
Fri Aug 14 21:00:08 2020,14-Aug-2020,230010,47 52.996300 N,063 7.867800 W,2.4,214.9,A,Depth,Depth,70.185185,D,P,63239.000000
Fri Aug 14 21:00:08 2020,14-Aug-2020,230011,47 52.995900 N,063 7.868300 W,2.4,214.8,A,Depth,Depth,70.185185,D,P,63239.000000
Fri Aug 14 21:00:08 2020,14-Aug-2020,230012,47 52.995500 N,063 7.868900 W,2.4,214.7,A,Depth,Depth,70.185185,D,P,63239.000000
Fri Aug 14 21:00:08 2020,14-Aug-2020,230013,47 52.995000 N,063 7.869600 W,2.5,215.1,A,Depth,Depth,70.185185,D,P,63239.000000
Fri Aug 14 21:00:13 2020,14-Aug-2020,230014,47 52.994500 N,063 7.870500 W,2.5,215.6,A,Primary,Headline,4.142857,D,P,47934.000000
Fri Aug 14 21:00:13 2020,14-Aug-2020,230015,47 52.994000 N,063 7.871100 W,2.5,216.0,A,Primary,Headline,4.142857,D,P,47934.000000
Fri Aug 14 21:00:13 2020,14-Aug-2020,230016,47 52.993700 N,063 7.871500 W,2.2,216.1,A,Primary,Headline,4.142857,D,P,47934.000000
Fri Aug 14 21:00:15 2020,14-Aug-2020,230017,47 52.993600 N,063 7.871700 W,2.0,216.3,A,Depth,Depth,68.796296,D,P,60485.000000
Fri Aug 14 21:00:15 2020,14-Aug-2020,230018,47 52.993400 N,063 7.871900 W,1.8,216.4,A,Depth,Depth,68.796296,D,P,60485.000000
Fri Aug 14 21:00:18 2020,14-Aug-2020,230019,47 52.993200 N,063 7.872300 W,1.8,216.8,A,Primary,Headline,0.346939,D,S,57399.000000
Fri Aug 14 21:00:18 2020,14-Aug-2020,230020,47 52.992900 N,063 7.872700 W,1.7,217.2,A,Primary,Headline,0.346939,D,S,57399.000000
Fri Aug 14 21:00:18 2020,14-Aug-2020,230021,47 52.992800 N,063 7.873100 W,1.6,217.4,A,Primary,Headline,0.346939,D,S,57399.000000
Fri Aug 14 21:00:18 2020,14-Aug-2020,230022,47 52.992800 N,063 7.873300 W,1.4,217.5,A,Primary,Headline,0.346939,D,S,57399.000000
Fri Aug 14 21:00:18 2020,14-Aug-2020,230023,47 52.993000 N,063 7.873400 W,1.3,217.7,A,Primary,Headline,0.346939,D,S,57399.000000
Fri Aug 14 21:00:23 2020,14-Aug-2020,230024,47 52.993100 N,063 7.873500 W,1.1,217.8,A,DoorSpread,DoorMaster,6.840000,D,S,31923.000000
Fri Aug 14 21:00:23 2020,14-Aug-2020,230025,47 52.992900 N,063 7.873500 W,1.1,217.8,A,DoorSpread,DoorMaster,6.840000,D,S,31923.000000
Fri Aug 14 21:00:23 2020,14-Aug-2020,230026,47 52.992600 N,063 7.873700 W,1.1,217.9,A,DoorSpread,DoorMaster,6.840000,D,S,31923.000000
Fri Aug 14 21:00:23 2020,14-Aug-2020,230027,47 52.992500 N,063 7.874100 W,1.1,218.3,A,DoorSpread,DoorMaster,6.840000,D,S,31923.000000
Fri Aug 14 21:00:23 2020,14-Aug-2020,230028,47 52.992500 N,063 7.874400 W,1.1,218.5,A,DoorSpread,DoorMaster,6.840000,D,S,31923.000000
Fri Aug 14 21:00:28 2020,14-Aug-2020,230029,47 52.992700 N,063 7.874500 W,1.1,218.8,A,Primary,Headline,0.244898,D,S,64296.000000
Fri Aug 14 21:00:29 2020,14-Aug-2020,230030,47 52.992900 N,063 7.874300 W,1.0,219.0,A,DoorSpread,DoorMaster,7.175000,D,P,72504.000000
Fri Aug 14 21:00:30 2020,14-Aug-2020,230031,47 52.993000 N,063 7.874100 W,1.0,219.1,A,Depth,Depth,84.537037,D,P,21494.000000
Fri Aug 14 21:00:30 2020,14-Aug-2020,230032,47 52.992800 N,063 7.874300 W,1.0,219.3,A,Depth,Depth,84.537037,D,P,21494.000000
Fri Aug 14 21:00:30 2020,14-Aug-2020,230033,47 52.992600 N,063 7.874500 W,0.9,219.4,A,Depth,Depth,84.537037,D,P,21494.000000
Fri Aug 14 21:00:33 2020,14-Aug-2020,230034,47 52.992500 N,063 7.874600 W,0.9,219.5,A,Primary,Headline,2.428571,D,S,39596.000000
Fri Aug 14 21:00:34 2020,14-Aug-2020,230035,47 52.992600 N,063 7.874800 W,0.8,219.6,A,DoorSpread,DoorMaster,7.890000,D,S,52015.000000
Fri Aug 14 21:00:34 2020,14-Aug-2020,230036,47 52.992600 N,063 7.874800 W,0.7,219.6,A,DoorSpread,DoorMaster,7.890000,D,S,52015.000000
Fri Aug 14 21:00:34 2020,14-Aug-2020,230037,47 52.992600 N,063 7.874900 W,0.6,219.6,A,DoorSpread,DoorMaster,7.890000,D,S,52015.000000
Fri Aug 14 21:00:37 2020,14-Aug-2020,230038,47 52.992500 N,063 7.874700 W,0.6,219.7,A,Depth,Depth,95.277778,D,S,45590.000000
Fri Aug 14 21:00:37 2020,14-Aug-2020,230039,47 52.992400 N,063 7.874600 W,0.7,219.8,A,Depth,Depth,95.277778,D,S,45590.000000
Fri Aug 14 21:00:37 2020,14-Aug-2020,230040,47 52.992200 N,063 7.874700 W,0.7,219.9,A,Depth,Depth,95.277778,D,S,45590.000000
Fri Aug 14 21:00:40 2020,14-Aug-2020,230041,47 52.992200 N,063 7.874800 W,0.6,219.9,A,DoorSpread,DoorMaster,6.700000,D,S,42863.000000
Fri Aug 14 21:00:40 2020,14-Aug-2020,230042,47 52.992300 N,063 7.874900 W,0.5,219.9,A,DoorSpread,DoorMaster,6.700000,D,S,42863.000000
Fri Aug 14 21:00:40 2020,14-Aug-2020,230043,47 52.992300 N,063 7.875000 W,0.5,220.0,A,DoorSpread,DoorMaster,6.700000,D,S,42863.000000
Fri Aug 14 21:00:43 2020,14-Aug-2020,230044,47 52.992400 N,063 7.875000 W,0.4,220.0,A,Primary,Headline,3.489796,D,P,76875.000000
Fri Aug 14 21:00:43 2020,14-Aug-2020,230045,47 52.992400 N,063 7.875000 W,0.4,220.0,A,Primary,Headline,3.489796,D,P,76875.000000
Fri Aug 14 21:00:44 2020,14-Aug-2020,230046,47 52.992400 N,063 7.875000 W,0.4,220.0,A,Depth,Depth,54.259259,D,S,28622.000000
Fri Aug 14 21:00:45 2020,14-Aug-2020,230047,47 52.992400 N,063 7.875200 W,0.4,220.1,A,DoorSpread,DoorMaster,7.180000,D,S,129799.000000
Fri Aug 14 21:00:45 2020,14-Aug-2020,230048,47 52.992500 N,063 7.875400 W,0.4,220.1,A,DoorSpread,DoorMaster,7.180000,D,S,129799.000000
Fri Aug 14 21:00:48 2020,14-Aug-2020,230049,47 52.992600 N,063 7.875400 W,0.4,220.1,A,Primary,Headline,1.571429,D,P,61518.000000
Fri Aug 14 21:00:48 2020,14-Aug-2020,230050,47 52.992600 N,063 7.875300 W,0.3,220.1,A,Primary,Headline,1.571429,D,P,61518.000000
Fri Aug 14 21:00:48 2020,14-Aug-2020,230051,47 52.992700 N,063 7.875400 W,0.3,220.1,A,Primary,Headline,1.571429,D,P,61518.000000
Fri Aug 14 21:00:48 2020,14-Aug-2020,230052,47 52.992700 N,063 7.875400 W,0.3,220.1,A,Primary,Headline,1.571429,D,P,61518.000000
Fri Aug 14 21:00:51 2020,14-Aug-2020,230053,47 52.992800 N,063 7.875500 W,0.3,220.1,A,Depth,Depth,75.462963,D,S,83637.000000
Fri Aug 14 21:00:53 2020,14-Aug-2020,230054,47 52.992800 N,063 7.875500 W,0.3,220.1,A,Primary,Headline,2.714286,D,S,99242.000000
Fri Aug 14 21:00:53 2020,14-Aug-2020,230055,47 52.992800 N,063 7.875700 W,0.3,220.2,A,Primary,Headline,2.714286,D,S,99242.000000
Fri Aug 14 21:00:53 2020,14-Aug-2020,230056,47 52.992700 N,063 7.875800 W,0.4,220.2,A,Primary,Headline,2.714286,D,S,99242.000000
Fri Aug 14 21:00:53 2020,14-Aug-2020,230057,47 52.992500 N,063 7.875900 W,0.4,220.2,A,Primary,Headline,2.714286,D,S,99242.000000
Fri Aug 14 21:00:57 2020,14-Aug-2020,230058,47 52.992400 N,063 7.875900 W,0.4,220.2,A,DoorSpread,DoorMaster,8.435000,D,S,114449.000000
Fri Aug 14 21:00:58 2020,14-Aug-2020,230059,47 52.992400 N,063 7.875900 W,0.3,220.2,A,Primary,Headline,0.000000,D,S,48318.000000
Fri Aug 14 21:00:59 2020,14-Aug-2020,230100,47 52.992400 N,063 7.876000 W,0.3,220.2,A,Depth,Depth,73.796296,D,S,35386.000000
Fri Aug 14 21:00:59 2020,14-Aug-2020,230101,47 52.992400 N,063 7.876200 W,0.4,220.2,A,Depth,Depth,73.796296,D,S,35386.000000
Fri Aug 14 21:00:59 2020,14-Aug-2020,230102,47 52.992200 N,063 7.876500 W,0.5,220.2,A,Depth,Depth,73.796296,D,S,35386.000000
Fri Aug 14 21:00:59 2020,14-Aug-2020,230103,47 52.992000 N,063 7.876600 W,0.5,220.2,A,Depth,Depth,73.796296,D,S,35386.000000
Fri Aug 14 21:01:03 2020,14-Aug-2020,230104,47 52.991900 N,063 7.876600 W,0.5,220.2,A,Primary,Headline,1.102041,D,S,61339.000000
Fri Aug 14 21:01:03 2020,14-Aug-2020,230105,47 52.992000 N,063 7.876600 W,0.5,220.2,A,Primary,Headline,1.102041,D,S,61339.000000
Fri Aug 14 21:01:03 2020,14-Aug-2020,230106,47 52.992100 N,063 7.876700 W,0.4,220.2,A,Primary,Headline,1.102041,D,S,61339.000000
Fri Aug 14 21:01:06 2020,14-Aug-2020,230107,47 52.992100 N,063 7.876800 W,0.4,220.2,A,Depth,Depth,71.851852,D,S,90683.000000
Fri Aug 14 21:01:06 2020,14-Aug-2020,230108,47 52.992200 N,063 7.876900 W,0.4,220.2,A,Depth,Depth,71.851852,D,S,90683.000000
Fri Aug 14 21:01:08 2020,14-Aug-2020,230109,47 52.992300 N,063 7.877100 W,0.4,220.2,A,DoorSpread,DoorMaster,7.365000,D,S,68668.000000
Fri Aug 14 21:01:08 2020,14-Aug-2020,230110,47 52.992200 N,063 7.877200 W,0.5,220.2,A,DoorSpread,DoorMaster,7.365000,D,S,68668.000000
Fri Aug 14 21:01:08 2020,14-Aug-2020,230111,47 52.992000 N,063 7.877300 W,0.5,220.2,A,DoorSpread,DoorMaster,7.365000,D,S,68668.000000
Fri Aug 14 21:01:08 2020,14-Aug-2020,230112,47 52.992100 N,063 7.877300 W,0.5,220.2,A,DoorSpread,DoorMaster,7.365000,D,S,68668.000000
Fri Aug 14 21:01:08 2020,14-Aug-2020,230113,47 52.992300 N,063 7.877400 W,0.6,221.7,A,DoorSpread,DoorMaster,7.365000,D,S,68668.000000
Fri Aug 14 21:01:13 2020,14-Aug-2020,230114,47 52.992600 N,063 7.877300 W,0.6,222.0,A,Primary,Headline,2.102041,D,S,79586.000000
Fri Aug 14 21:01:14 2020,14-Aug-2020,230115,47 52.992700 N,063 7.877200 W,0.5,222.2,A,DoorSpread,DoorMaster,7.050000,D,S,94461.000000
Fri Aug 14 21:01:14 2020,14-Aug-2020,230116,47 52.992400 N,063 7.877500 W,1.0,219.5,A,DoorSpread,DoorMaster,7.050000,D,S,94461.000000
Fri Aug 14 21:01:14 2020,14-Aug-2020,230117,47 52.992200 N,063 7.878000 W,1.0,219.2,A,DoorSpread,DoorMaster,7.050000,D,S,94461.000000
Fri Aug 14 21:01:14 2020,14-Aug-2020,230118,47 52.992500 N,063 7.878000 W,1.1,219.2,A,DoorSpread,DoorMaster,7.050000,D,S,94461.000000
Fri Aug 14 21:01:18 2020,14-Aug-2020,230119,47 52.992900 N,063 7.877800 W,1.0,219.2,A,Primary,Headline,0.693878,D,S,198557.000000
Fri Aug 14 21:01:18 2020,14-Aug-2020,230120,47 52.992900 N,063 7.877900 W,0.9,219.2,A,Primary,Headline,0.693878,D,S,198557.000000
Fri Aug 14 21:01:19 2020,14-Aug-2020,230121,47 52.992900 N,063 7.878100 W,0.8,219.2,A,DoorSpread,DoorMaster,6.775000,D,P,164479.000000
Fri Aug 14 21:01:21 2020,14-Aug-2020,230122,47 52.993100 N,063 7.878100 W,0.8,219.2,A,Depth,Depth,71.296296,D,S,118339.000000
Fri Aug 14 21:01:21 2020,14-Aug-2020,230123,47 52.993100 N,063 7.878200 W,0.8,219.3,A,Depth,Depth,71.296296,D,S,118339.000000
Fri Aug 14 21:01:23 2020,14-Aug-2020,230124,47 52.993000 N,063 7.878300 W,0.8,219.3,A,Primary,Headline,1.530612,D,S,536602.000000
Fri Aug 14 21:01:23 2020,14-Aug-2020,230125,47 52.992800 N,063 7.878400 W,0.8,219.3,A,Primary,Headline,1.530612,D,S,536602.000000
Fri Aug 14 21:01:25 2020,14-Aug-2020,230126,47 52.992900 N,063 7.878500 W,0.8,219.3,A,DoorSpread,DoorMaster,6.800000,D,P,203648.000000
Fri Aug 14 21:01:25 2020,14-Aug-2020,230127,47 52.993100 N,063 7.878600 W,0.8,219.3,A,DoorSpread,DoorMaster,6.800000,D,P,203648.000000
Fri Aug 14 21:01:25 2020,14-Aug-2020,230128,47 52.993200 N,063 7.878700 W,0.7,219.3,A,DoorSpread,DoorMaster,6.800000,D,P,203648.000000
Fri Aug 14 21:01:28 2020,14-Aug-2020,230129,47 52.993100 N,063 7.878800 W,0.7,219.3,A,Primary,Headline,1.959184,D,P,241225.000000
Fri Aug 14 21:01:28 2020,14-Aug-2020,230130,47 52.993100 N,063 7.878800 W,0.6,219.3,A,Primary,Headline,1.959184,D,P,241225.000000
Fri Aug 14 21:01:29 2020,14-Aug-2020,230131,47 52.993200 N,063 7.879100 W,0.6,219.3,A,Depth,Depth,493.055556,D,S,148732.000000
Fri Aug 14 21:01:30 2020,14-Aug-2020,230132,47 52.993200 N,063 7.879300 W,0.5,219.3,A,DoorSpread,DoorMaster,6.715000,D,S,201655.000000
Fri Aug 14 21:01:30 2020,14-Aug-2020,230133,47 52.993300 N,063 7.879400 W,0.4,219.3,A,DoorSpread,DoorMaster,6.715000,D,S,201655.000000
Fri Aug 14 21:01:33 2020,14-Aug-2020,230134,47 52.993300 N,063 7.879500 W,0.4,219.3,A,Primary,Headline,2.408163,D,S,163602.000000
Fri Aug 14 21:01:33 2020,14-Aug-2020,230135,47 52.993200 N,063 7.879900 W,0.3,219.3,A,Primary,Headline,2.408163,D,S,163602.000000
Fri Aug 14 21:01:33 2020,14-Aug-2020,230136,47 52.993500 N,063 7.880200 W,0.3,219.3,A,Primary,Headline,2.408163,D,S,163602.000000
Fri Aug 14 21:01:33 2020,14-Aug-2020,230137,47 52.993400 N,063 7.880300 W,0.4,220.9,A,Primary,Headline,2.408163,D,S,163602.000000
Fri Aug 14 21:01:37 2020,14-Aug-2020,230138,47 52.993200 N,063 7.880500 W,0.5,221.6,A,Depth,Depth,66.388889,D,P,131071.000000
Fri Aug 14 21:01:38 2020,14-Aug-2020,230139,47 52.993100 N,063 7.880600 W,0.5,221.9,A,Primary,Headline,3.387755,D,P,125753.000000
Fri Aug 14 21:01:38 2020,14-Aug-2020,230140,47 52.993000 N,063 7.880600 W,0.5,222.2,A,Primary,Headline,3.387755,D,P,125753.000000
Fri Aug 14 21:01:38 2020,14-Aug-2020,230141,47 52.993300 N,063 7.880800 W,0.4,222.2,A,Primary,Headline,3.387755,D,P,125753.000000
Fri Aug 14 21:01:38 2020,14-Aug-2020,230142,47 52.993300 N,063 7.880800 W,0.5,222.4,A,Primary,Headline,3.387755,D,P,125753.000000
Fri Aug 14 21:01:41 2020,14-Aug-2020,230143,47 52.993200 N,063 7.881000 W,0.5,222.5,A,DoorSpread,DoorMaster,0.000000,E,S,145474.000000
Fri Aug 14 21:01:43 2020,14-Aug-2020,230144,47 52.993100 N,063 7.881100 W,0.5,222.7,A,Primary,Headline,3.204082,D,P,191424.000000
Fri Aug 14 21:01:44 2020,14-Aug-2020,230145,47 52.993000 N,063 7.881200 W,0.5,222.7,A,Depth,Depth,67.222222,D,S,199951.000000
Fri Aug 14 21:01:44 2020,14-Aug-2020,230146,47 52.993000 N,063 7.881200 W,0.4,222.8,A,Depth,Depth,67.222222,D,S,199951.000000
Fri Aug 14 21:01:44 2020,14-Aug-2020,230147,47 52.993000 N,063 7.881200 W,0.4,222.8,A,Depth,Depth,67.222222,D,S,199951.000000
Fri Aug 14 21:01:44 2020,14-Aug-2020,230148,47 52.992800 N,063 7.881300 W,0.5,223.0,A,Depth,Depth,67.222222,D,S,199951.000000
Fri Aug 14 21:01:47 2020,14-Aug-2020,230149,47 52.992700 N,063 7.881500 W,0.5,223.0,A,DoorSpread,DoorMaster,7.375000,D,P,63117.000000
Fri Aug 14 21:01:48 2020,14-Aug-2020,230150,47 52.992600 N,063 7.881500 W,0.5,223.0,A,Primary,Headline,5.163265,D,P,208531.000000
Fri Aug 14 21:01:48 2020,14-Aug-2020,230151,47 52.992700 N,063 7.881400 W,0.4,223.0,A,Primary,Headline,5.163265,D,P,208531.000000
Fri Aug 14 21:01:51 2020,14-Aug-2020,230152,47 52.992600 N,063 7.881400 W,0.4,223.0,A,Depth,Depth,58.611111,D,S,323691.000000
Fri Aug 14 21:01:51 2020,14-Aug-2020,230153,47 52.992900 N,063 7.881300 W,0.3,223.0,A,Depth,Depth,58.611111,D,S,323691.000000
Fri Aug 14 21:01:53 2020,14-Aug-2020,230154,47 52.992800 N,063 7.881500 W,0.4,223.1,A,DoorSpread,DoorMaster,7.395000,D,P,143377.000000
Fri Aug 14 21:01:53 2020,14-Aug-2020,230155,47 52.992700 N,063 7.881600 W,0.3,223.1,A,Primary,Headline,5.693878,D,S,232807.000000
Fri Aug 14 21:01:53 2020,14-Aug-2020,230156,47 52.992700 N,063 7.881500 W,0.4,223.1,A,Primary,Headline,5.693878,D,S,232807.000000
Fri Aug 14 21:01:53 2020,14-Aug-2020,230157,47 52.992700 N,063 7.881400 W,0.3,223.1,A,Primary,Headline,5.693878,D,S,232807.000000
Fri Aug 14 21:01:53 2020,14-Aug-2020,230158,47 52.992600 N,063 7.881400 W,0.3,223.1,A,Primary,Headline,5.693878,D,S,232807.000000
Fri Aug 14 21:01:53 2020,14-Aug-2020,230159,47 52.992600 N,063 7.881400 W,0.3,223.1,A,Primary,Headline,5.693878,D,S,232807.000000
Fri Aug 14 21:01:59 2020,14-Aug-2020,230200,47 52.992300 N,063 7.881500 W,0.5,223.2,A,DoorSpread,DoorMaster,9.355000,D,S,183777.000000
Fri Aug 14 21:01:59 2020,14-Aug-2020,230201,47 52.991900 N,063 7.881400 W,0.7,223.2,A,DoorSpread,DoorMaster,9.355000,D,S,183777.000000
Fri Aug 14 21:01:59 2020,14-Aug-2020,230202,47 52.991700 N,063 7.881500 W,0.6,223.2,A,DoorSpread,DoorMaster,9.355000,D,S,183777.000000
Fri Aug 14 21:01:59 2020,14-Aug-2020,230203,47 52.991800 N,063 7.881400 W,0.6,223.2,A,DoorSpread,DoorMaster,9.355000,D,S,183777.000000
Fri Aug 14 21:01:59 2020,14-Aug-2020,230204,47 52.991800 N,063 7.881400 W,0.5,223.2,A,DoorSpread,DoorMaster,9.355000,D,S,183777.000000
Fri Aug 14 21:02:04 2020,14-Aug-2020,230205,47 52.991900 N,063 7.881300 W,0.5,223.2,A,Primary,Headline,34.857143,D,S,107433.000000
Fri Aug 14 21:02:04 2020,14-Aug-2020,230206,47 52.991900 N,063 7.881300 W,0.5,223.2,A,DoorSpread,DoorMaster,8.135000,D,P,290211.000000
Fri Aug 14 21:02:06 2020,14-Aug-2020,230207,47 52.992000 N,063 7.881200 W,0.4,223.2,A,Depth,Depth,51.574074,D,S,174540.000000
Fri Aug 14 21:02:06 2020,14-Aug-2020,230208,47 52.992100 N,063 7.881200 W,0.5,223.2,A,Depth,Depth,51.574074,D,S,174540.000000
Fri Aug 14 21:02:06 2020,14-Aug-2020,230209,47 52.992200 N,063 7.881100 W,0.4,223.2,A,Depth,Depth,51.574074,D,S,174540.000000
Fri Aug 14 21:02:09 2020,14-Aug-2020,230210,47 52.992200 N,063 7.881200 W,0.4,223.2,A,Primary,Headline,11.346939,D,S,319507.000000
Fri Aug 14 21:02:09 2020,14-Aug-2020,230211,47 52.992200 N,063 7.881300 W,0.4,223.2,A,DoorSpread,DoorMaster,0.000000,E,P,290486.000000
Fri Aug 14 21:02:09 2020,14-Aug-2020,230212,47 52.992300 N,063 7.881200 W,0.4,223.2,A,DoorSpread,DoorMaster,0.000000,E,P,290486.000000
Fri Aug 14 21:02:09 2020,14-Aug-2020,230213,47 52.992400 N,063 7.881200 W,0.4,223.2,A,DoorSpread,DoorMaster,0.000000,E,P,290486.000000
Fri Aug 14 21:02:13 2020,14-Aug-2020,230214,47 52.992400 N,063 7.881400 W,0.5,223.2,A,Depth,Depth,57.314815,D,P,445543.000000
Fri Aug 14 21:02:13 2020,14-Aug-2020,230215,47 52.992300 N,063 7.881600 W,0.5,223.2,A,Depth,Depth,57.314815,D,P,445543.000000
Fri Aug 14 21:02:14 2020,14-Aug-2020,230216,47 52.992200 N,063 7.881600 W,0.5,223.2,A,Primary,Headline,16.000000,D,S,397093.000000
Fri Aug 14 21:02:14 2020,14-Aug-2020,230217,47 52.992200 N,063 7.881600 W,0.5,223.2,A,Primary,Headline,16.000000,D,S,397093.000000
Fri Aug 14 21:02:14 2020,14-Aug-2020,230218,47 52.992300 N,063 7.881700 W,0.5,223.2,A,Primary,Headline,16.000000,D,S,397093.000000
Fri Aug 14 21:02:14 2020,14-Aug-2020,230219,47 52.992400 N,063 7.881700 W,0.4,223.2,A,Primary,Headline,16.000000,D,S,397093.000000
Fri Aug 14 21:02:14 2020,14-Aug-2020,230220,47 52.992300 N,063 7.881800 W,0.5,223.2,A,Primary,Headline,16.000000,D,S,397093.000000
Fri Aug 14 21:02:20 2020,14-Aug-2020,230221,47 52.992200 N,063 7.881900 W,0.5,223.2,A,Depth,Depth,56.481481,D,S,348214.000000
Fri Aug 14 21:02:20 2020,14-Aug-2020,230222,47 52.992300 N,063 7.882000 W,0.5,223.2,A,Depth,Depth,56.481481,D,S,348214.000000
Fri Aug 14 21:02:20 2020,14-Aug-2020,230223,47 52.992400 N,063 7.882100 W,0.4,223.2,A,Depth,Depth,56.481481,D,S,348214.000000
Fri Aug 14 21:02:20 2020,14-Aug-2020,230224,47 52.992400 N,063 7.882200 W,0.4,223.2,A,Depth,Depth,56.481481,D,S,348214.000000
Fri Aug 14 21:02:20 2020,14-Aug-2020,230225,47 52.992400 N,063 7.882300 W,0.5,223.2,A,Depth,Depth,56.481481,D,S,348214.000000
Fri Aug 14 21:02:25 2020,14-Aug-2020,230226,47 52.992200 N,063 7.882400 W,0.6,223.2,A,Primary,Headline,16.979592,D,S,279584.000000
Fri Aug 14 21:02:25 2020,14-Aug-2020,230227,47 52.992000 N,063 7.882600 W,0.6,223.2,A,Primary,Headline,16.979592,D,S,279584.000000
Fri Aug 14 21:02:27 2020,14-Aug-2020,230228,47 52.991800 N,063 7.882900 W,0.7,223.2,A,Depth,Depth,54.259259,D,P,219507.000000
Fri Aug 14 21:02:27 2020,14-Aug-2020,230229,47 52.991600 N,063 7.883100 W,0.8,223.2,A,Depth,Depth,54.259259,D,P,219507.000000
Fri Aug 14 21:02:27 2020,14-Aug-2020,230230,47 52.991400 N,063 7.883100 W,0.7,223.2,A,Depth,Depth,54.259259,D,P,219507.000000
Fri Aug 14 21:02:30 2020,14-Aug-2020,230231,47 52.991300 N,063 7.883100 W,0.7,223.2,A,Primary,Headline,21.857143,D,S,264850.000000
Fri Aug 14 21:02:30 2020,14-Aug-2020,230232,47 52.991300 N,063 7.883100 W,0.6,223.2,A,Primary,Headline,21.857143,D,S,264850.000000
Fri Aug 14 21:02:30 2020,14-Aug-2020,230233,47 52.991300 N,063 7.883200 W,0.6,223.2,A,Primary,Headline,21.857143,D,S,264850.000000
Fri Aug 14 21:02:30 2020,14-Aug-2020,230234,47 52.991200 N,063 7.883400 W,0.7,223.2,A,Primary,Headline,21.857143,D,S,264850.000000
Fri Aug 14 21:02:30 2020,14-Aug-2020,230235,47 52.990900 N,063 7.883500 W,0.7,222.8,A,Primary,Headline,21.857143,D,S,264850.000000
Fri Aug 14 21:02:34 2020,14-Aug-2020,230236,47 52.990700 N,063 7.883700 W,0.7,222.6,A,DoorSpread,DoorMaster,0.000000,E,S,694983.000000
Fri Aug 14 21:02:35 2020,14-Aug-2020,230237,47 52.990600 N,063 7.883700 W,0.6,222.5,A,Primary,Headline,23.265306,D,P,278534.000000
Fri Aug 14 21:02:35 2020,14-Aug-2020,230238,47 52.990700 N,063 7.883800 W,0.6,222.5,A,Primary,Headline,23.265306,D,P,278534.000000
Fri Aug 14 21:02:35 2020,14-Aug-2020,230239,47 52.990700 N,063 7.883900 W,0.6,222.3,A,Primary,Headline,23.265306,D,P,278534.000000
Fri Aug 14 21:02:35 2020,14-Aug-2020,230240,47 52.990700 N,063 7.884200 W,0.6,222.2,A,Primary,Headline,23.265306,D,P,278534.000000
Fri Aug 14 21:02:39 2020,14-Aug-2020,230241,47 52.990700 N,063 7.884400 W,0.6,222.1,A,DoorSpread,DoorMaster,0.000000,E,P,193909.000000
Fri Aug 14 21:02:41 2020,14-Aug-2020,230242,47 52.990600 N,063 7.884600 W,0.6,222.0,A,Primary,Headline,25.918367,D,S,417935.000000
Fri Aug 14 21:02:42 2020,14-Aug-2020,230243,47 52.990500 N,063 7.884800 W,0.6,221.9,A,Depth,Depth,64.074074,D,P,124522.000000
Fri Aug 14 21:02:42 2020,14-Aug-2020,230244,47 52.990400 N,063 7.884900 W,0.6,221.9,A,Depth,Depth,64.074074,D,P,124522.000000
Fri Aug 14 21:02:42 2020,14-Aug-2020,230245,47 52.990200 N,063 7.885100 W,0.6,221.8,A,Depth,Depth,64.074074,D,P,124522.000000
Fri Aug 14 21:02:45 2020,14-Aug-2020,230246,47 52.990100 N,063 7.885300 W,0.6,221.9,A,DoorSpread,DoorMaster,0.000000,E,P,460202.000000
Fri Aug 14 21:02:46 2020,14-Aug-2020,230247,47 52.990100 N,063 7.885500 W,0.5,221.9,A,Primary,Headline,1.938776,D,S,292180.000000
Fri Aug 14 21:02:46 2020,14-Aug-2020,230248,47 52.989900 N,063 7.885700 W,0.7,221.4,A,Primary,Headline,1.938776,D,S,292180.000000
Fri Aug 14 21:02:46 2020,14-Aug-2020,230249,47 52.989600 N,063 7.885900 W,0.8,220.1,A,Primary,Headline,1.938776,D,S,292180.000000
Fri Aug 14 21:02:49 2020,14-Aug-2020,230250,47 52.989300 N,063 7.886100 W,0.8,219.6,A,Depth,Depth,32.870370,D,P,148523.000000
Fri Aug 14 21:02:50 2020,14-Aug-2020,230251,47 52.989200 N,063 7.886200 W,0.7,219.4,A,DoorSpread,DoorMaster,0.000000,E,S,727807.000000
Fri Aug 14 21:02:51 2020,14-Aug-2020,230252,47 52.989100 N,063 7.886400 W,0.7,219.0,A,Primary,Headline,1.714286,D,S,317330.000000
Fri Aug 14 21:02:51 2020,14-Aug-2020,230253,47 52.989000 N,063 7.886700 W,0.8,219.2,A,Primary,Headline,1.714286,D,S,317330.000000
Fri Aug 14 21:02:51 2020,14-Aug-2020,230254,47 52.988800 N,063 7.887100 W,0.9,219.3,A,Primary,Headline,1.714286,D,S,317330.000000
Fri Aug 14 21:02:51 2020,14-Aug-2020,230255,47 52.988600 N,063 7.887300 W,0.9,219.3,A,Primary,Headline,1.714286,D,S,317330.000000
Fri Aug 14 21:02:54 2020,14-Aug-2020,230256,47 52.988300 N,063 7.887400 W,1.0,219.3,A,DoorSpread,DoorMaster,0.000000,E,S,938298.000000
Fri Aug 14 21:02:56 2020,14-Aug-2020,230257,47 52.988200 N,063 7.887600 W,0.9,219.4,A,Depth,Depth,42.314815,D,P,80116.000000
Fri Aug 14 21:02:57 2020,14-Aug-2020,230258,47 52.988000 N,063 7.887800 W,1.0,219.4,A,Primary,Headline,39.122449,D,P,644107.000000
Fri Aug 14 21:02:57 2020,14-Aug-2020,230259,47 52.987900 N,063 7.888000 W,0.9,219.4,A,Primary,Headline,39.122449,D,P,644107.000000
Fri Aug 14 21:02:57 2020,14-Aug-2020,230300,47 52.987700 N,063 7.888000 W,0.9,219.4,A,Primary,Headline,39.122449,D,P,644107.000000
Fri Aug 14 21:03:00 2020,14-Aug-2020,230301,47 52.987600 N,063 7.888200 W,0.8,219.4,A,DoorSpread,DoorMaster,0.000000,E,S,1032226.000000
Fri Aug 14 21:03:00 2020,14-Aug-2020,230302,47 52.987500 N,063 7.888400 W,0.9,219.4,A,DoorSpread,DoorMaster,0.000000,E,S,1032226.000000
Fri Aug 14 21:03:02 2020,14-Aug-2020,230303,47 52.987300 N,063 7.888700 W,1.0,218.7,A,Primary,Headline,1.979592,D,S,500225.000000
Fri Aug 14 21:03:02 2020,14-Aug-2020,230304,47 52.986900 N,063 7.888900 W,1.1,217.7,A,Primary,Headline,1.979592,D,S,500225.000000
