"variable","description","polygon","area","mean.sample","sd.sample","n","mean","sd","lowerCI","upperCI","mean.CV","mad.CV","sd.CV"
"MIGE34L45","Immature males, cw >= 34mm, cw < 45mm","gulf",57842.8460132939,150.462607643568,343.388191116167,352,146.421768662822,14.5516865278234,119.973442838211,176.952942455514,-2.59862117876426e-05,0.00266213157961113,0.00548283634227987
"MMGE95SC12","Commercial crab, shell condition 1,2","gulf",57842.8460132939,106.257467027737,173.99672501582,352,105.102661581906,7.81538062424158,90.616787067447,121.233885335729,-3.21347434900727e-05,0.00155455584099429,0.00278742124047201
"MMGE95SC3","Commercial crab, shell condition 3","gulf",57842.8460132939,29.615453649159,49.9962671742652,352,28.8454938790041,2.37908096293205,24.4636085643313,33.7824540634593,-2.59352105874573e-06,0.000497834881345338,0.000769298294603151
"MMGE95SC4","Commercial crab, shell condition 4","gulf",57842.8460132939,10.1628437300971,32.0773500500913,352,9.59899803220939,1.50479998532711,6.98752246247401,12.8701776121603,1.76849171102271e-06,0.000196867102226516,0.000412672998611525
"MMGE95SC5","Commercial crab, shell condition 5","gulf",57842.8460132939,0.817907422753672,4.5205958323756,352,0.791177692399155,0.23562215405529,0.428242190590971,1.34262152596404,1.8795344188461e-06,2.73991149252345e-05,8.02856769956997e-05
"MM","Mature males","gulf",57842.8460132939,384.427105123363,388.241802268158,352,379.074961041553,16.8199969841477,347.174458557669,413.093377575162,-2.02183299969919e-05,0.00377743762791276,0.0055583178799733
"MMGE95","Commercial crab","gulf",57842.8460132939,146.853671829747,200.051553811701,352,144.132694412427,9.33797316794953,126.696208000161,163.283500399098,-2.05905430350044e-05,0.00184329906991595,0.00306953660878037
"MML95","Sub-legal mature males","gulf",57842.8460132939,237.573433293616,260.415952172812,352,234.353998765537,10.5442823659822,214.365308060087,255.68894501202,-7.17049619431066e-06,0.00246815854500111,0.0035820439385552
"FI","Immature females","gulf",57842.8460132939,511.431647506427,1007.73064427268,352,500.434391226594,40.1237130382642,426.400347849277,583.571172033596,2.68993816342114e-05,0.00790662200530765,0.0159279617713082
"FIGNO","Immature females, orange gonads","gulf",57842.8460132939,178.48114851987,347.850294237087,352,174.737053413808,13.7884022913415,149.270319671416,203.282838539964,-1.26673067977591e-05,0.00301673549803751,0.00556654791715981
"FM","Mature females","gulf",57842.8460132939,731.18771378655,1277.14733098714,352,716.913682036217,54.4982762343434,616.030588527046,829.524116897696,-7.03829369657938e-05,0.0118205212261909,0.0189468234008786
"FP","Primiparous females","gulf",57842.8460132939,195.362862550971,400.264130011265,352,197.61171254141,17.4022019972962,165.699382946991,233.856530074518,6.48186168047069e-05,0.00362334873362609,0.00627115391546701
"FMULT","Multiparous females","gulf",57842.8460132939,535.824851235579,1211.40978890883,352,523.343738943741,53.9206150638908,425.62327591814,636.740965585995,-0.000246662732248639,0.0107837932180627,0.0185038783164866
"MIGE56L69","Immature males, cw >= 56mm, cw < 69mm","gulf",57842.8460132939,184.360873661361,318.476013333081,352,190.65712473706,11.8110798865033,168.554523123209,214.833575837286,4.94081808764326e-05,0.00285260598603344,0.00502129892903112
"MIGE69L83","Immature males, cw >= 69mm, cw < 83mm","gulf",57842.8460132939,184.751500182772,293.88189791274,352,185.954281079126,12.9838274164367,161.803973817187,212.67235865437,-2.23378307337521e-05,0.00269036081346226,0.00442828950227333
"MIGE83","Immature males, cw >= 83mm","gulf",57842.8460132939,189.45254931661,332.28901572549,352,185.661294229334,16.0459220722864,156.198371261336,219.045520049349,-2.87691960334052e-05,0.00294369034365775,0.00518325740689022
"MIGE83L98","Immature males, cw >= 83mm, cw < 98mm","gulf",57842.8460132939,165.953773440293,301.064426814254,352,163.872918685546,14.46076153332,137.358396926585,193.994952096721,-2.00915994585806e-05,0.00260175141952986,0.00470410360068725
"MIGE83L98SC345","Skip-moulter males, cw >= 83mm, cw < 98mm","gulf",57842.8460132939,56.3396208724921,134.405568475092,352,55.3886522812053,6.79435725449677,43.2666228367974,69.8557835817453,-2.542916858759e-05,0.00105511593433869,0.00221937016920619
"MIGE34L45","Immature males, cw >= 34mm, cw < 45mm","zone12",48074.5522582699,149.702026260567,308.196066541469,291,144.23592856137,12.7392681979411,120.879290713535,170.773423674705,-1.99760009326117e-05,0.00316969615385283,0.00602860796083305
"MMGE95SC12","Commercial crab, shell condition 1,2","zone12",48074.5522582699,91.6530090805248,136.337172846888,291,90.7002744033006,6.75802132002543,78.175680491927,104.650461906325,-4.83388432064726e-05,0.00153877921034088,0.00253606889218546
"MMGE95SC3","Commercial crab, shell condition 3","zone12",48074.5522582699,23.0565808870685,38.670900981548,291,23.113478282106,2.08651389387612,19.2938363439169,27.4654827308432,-1.56500479420059e-05,0.000464932431040057,0.000701095877387462
"MMGE95SC4","Commercial crab, shell condition 4","zone12",48074.5522582699,9.24263939277877,28.7111899160992,291,8.85004717946438,1.33790103720122,6.51756144579464,11.748772942247,-3.09837165909998e-06,0.000209700001163635,0.000439431348640955
"MMGE95SC5","Commercial crab, shell condition 5","zone12",48074.5522582699,0.650798261807246,3.50913072213279,291,0.684982611081086,0.199957762244085,0.375408569800335,1.15169906274419,4.03055445110272e-07,2.65394488841158e-05,7.60554837630936e-05
"MM","Mature males","zone12",48074.5522582699,337.467465703204,320.373413585891,291,330.468984931579,14.8938499550875,302.236483135222,360.606276799087,1.92435508257696e-05,0.00388351515901722,0.0055096849767842
"MMGE95","Commercial crab","zone12",48074.5522582699,124.603027622179,156.520709183165,291,123.286424254305,8.22397252767886,107.952752930751,140.17436228768,-4.32303573629578e-05,0.00178337913828725,0.00278084206132825
"MML95","Sub-legal mature males","zone12",48074.5522582699,212.864438081024,224.588531330745,291,207.425233581915,9.37778839907663,189.65077948295,226.402781552712,4.15508069235925e-05,0.00266350155170627,0.00380785947543311
"FI","Immature females","zone12",48074.5522582699,503.155011079667,900.29940920299,291,486.190439043478,34.577585537318,421.939545302289,557.405801709897,6.97324764539775e-05,0.00935428856736871,0.0175025322989641
"FIGNO","Immature females, orange gonads","zone12",48074.5522582699,176.280275558975,310.333999455752,291,169.891870808889,12.1533846967504,147.316141887024,194.929724980344,3.71063398994139e-05,0.00357822749435468,0.00611489708573381
"FM","Mature females","zone12",48074.5522582699,611.954420636121,1046.90853956007,291,612.690221359813,48.0246087687274,523.953987707338,712.079756323425,-0.000318757498006271,0.0117542050718313,0.0187057353354201
"FP","Primiparous females","zone12",48074.5522582699,173.692281527608,333.971558273034,291,175.028812364816,14.9292612664908,147.592015241057,206.066785646857,0.000239920676500183,0.00390899829441284,0.00645396060044794
"FMULT","Multiparous females","zone12",48074.5522582699,438.262139108512,989.148890640825,291,442.595023034495,47.400723109654,356.967336598732,542.539847512492,-0.000683531568565601,0.0104930533433383,0.0178965037852073
"MIGE56L69","Immature males, cw >= 56mm, cw < 69mm","zone12",48074.5522582699,163.506654744434,246.417047137541,291,168.407009033026,10.1064636089222,149.466204077947,189.067132559751,0.000119196074693229,0.00291975853318819,0.00469512024846964
"MIGE69L83","Immature males, cw >= 69mm, cw < 83mm","zone12",48074.5522582699,152.689928679387,236.303162388774,291,158.337135073711,11.2715813239397,137.393764369744,181.552929274941,-4.04839731470627e-05,0.0025894877774702,0.00431772223300173
"MIGE83","Immature males, cw >= 83mm","zone12",48074.5522582699,152.498290005568,261.940797668917,291,154.147518724423,13.8133773310667,128.847162237128,182.946739057712,-0.000108167709758115,0.00262497848089377,0.00470675827412637
"MIGE83L98","Immature males, cw >= 83mm, cw < 98mm","zone12",48074.5522582699,132.488900018906,237.990959228634,291,134.834711002192,12.6176882054507,111.796306176768,161.209040969212,-7.60215440878067e-05,0.00229168376987376,0.0042718452076995
"MIGE83L98SC345","Skip-moulter males, cw >= 83mm, cw < 98mm","zone12",48074.5522582699,42.7193536480021,108.125376509942,291,43.6640309783791,5.87527583402384,33.2817546686439,56.266342278679,-6.65085740087758e-05,0.000903361051743703,0.00207769493075879
"MIGE34L45","Immature males, cw >= 34mm, cw < 45mm","zone19",3813.21275606925,0.731198061522194,1.99663416986746,24,0.790582536222555,2.98794416681667,0.00794758281627375,5.14543037232284,-1.45331502807478e-05,0.000293488191993771,0.000516000495376007
"MMGE95SC12","Commercial crab, shell condition 1,2","zone19",3813.21275606925,5.57817267215457,4.8773092065137,24,6.11694100398705,1.54119164411453,3.64751063346055,9.6458882286661,-0.000173927278441288,0.00104165825097384,0.00133746308954156
"MMGE95SC3","Commercial crab, shell condition 3","zone19",3813.21275606925,2.91028299119038,4.06147292312144,24,2.67922880820664,0.474279472451339,1.86977778951738,3.72245338176321,7.05218090229762e-05,0.000795746547384181,0.00116626658930887
"MMGE95SC4","Commercial crab, shell condition 4","zone19",3813.21275606925,0.657042654942804,1.39397520969931,24,0.533633363418509,0.317589767472425,0.155844632044305,1.34930983069978,3.80675248141361e-05,0.000253543757450381,0.000375445027967322
"MMGE95SC5","Commercial crab, shell condition 5","zone19",3813.21275606925,0.113650833216179,0.556773100443586,24,0.068733656868406,0.0426267324130934,0.0190954981195747,0.178681324923983,1.62344416541191e-05,5.67877103655166e-05,0.000146836886327776
"MM","Mature males","zone19",3813.21275606925,23.5441286382706,17.611834938689,24,24.0399028213829,3.55045977669748,17.8324281074326,31.7163906257697,-0.000211466365564465,0.00327590252398827,0.00377479392927958
"MMGE95","Commercial crab","zone19",3813.21275606925,9.25914915150394,7.29956631165081,24,9.68704832678879,1.90149585343517,6.49342679580418,13.9152050386795,-0.00011391777101638,0.00175452183767249,0.00218584203824276
"MML95","Sub-legal mature males","zone19",3813.21275606925,14.2849794867667,13.6339823522444,24,14.3185823667052,2.27525558420007,10.3769469760674,19.270842169266,-0.000122643051972464,0.0019281228460929,0.00247344173715178
"FI","Immature females","zone19",3813.21275606925,7.34534164996161,14.1428132432972,24,8.50700995443841,7.62063923642819,1.40763236804222,28.5230878680231,3.88298586217366e-05,0.00169566925121739,0.00276672677610845
"FIGNO","Immature females, orange gonads","zone19",3813.21275606925,1.54502382088354,3.58156542166339,24,2.79882259663732,2.86199605818318,0.372771390871768,10.2725044752111,-0.000421461614703518,0.000481717277761189,0.000696815204826806
"FM","Mature females","zone19",3813.21275606925,74.0590157493525,121.728172744515,24,59.1911794375929,11.2752172889574,40.1620705585043,84.1818324904708,0.00435714977416363,0.0202654808131509,0.0282048959193602
"FP","Primiparous females","zone19",3813.21275606925,3.82426731703677,7.09269480304057,24,8.56836082402172,3.34455294906858,3.81552891690565,16.6974936825636,-0.00147540693093535,0.00145682378454788,0.00194598676521147
"FMULT","Multiparous females","zone19",3813.21275606925,70.2347484323157,120.337750178578,24,51.0214967941884,11.2118762522382,32.5584435681068,76.2713852986556,0.00563499505554161,0.0214698245191585,0.0297467677847842
"MIGE56L69","Immature males, cw >= 56mm, cw < 69mm","zone19",3813.21275606925,5.81291893774993,9.11286407735354,24,7.53696664943581,2.27421965662562,4.0458132488206,12.8689583554232,-0.000510901404656386,0.0016322872524326,0.00236396535274054
"MIGE69L83","Immature males, cw >= 69mm, cw < 83mm","zone19",3813.21275606925,12.0379142691006,15.0531385305854,24,12.2377181105344,2.59306738368217,7.93922085430827,18.0529891544634,-0.00017222522778431,0.00300747593573888,0.00442545290559049
"MIGE83","Immature males, cw >= 83mm","zone19",3813.21275606925,13.623724108113,17.9738498789647,24,14.6362392320225,3.09556943411254,9.50306033312033,21.5769697716455,-0.000447189443026707,0.00318647459846813,0.00472702613514616
"MIGE83L98","Immature males, cw >= 83mm, cw < 98mm","zone19",3813.21275606925,12.0877257937264,14.9200218023499,24,12.6377991892732,2.90861389371188,7.89005777547104,19.2241327024797,-0.000309356197198022,0.00278414077757111,0.00391483964036978
"MIGE83L98SC345","Skip-moulter males, cw >= 83mm, cw < 98mm","zone19",3813.21275606925,6.1701630857742,10.1471708122342,24,6.2236108278203,1.31333555843922,4.0449208318079,9.16755071040019,-8.76551653369128e-05,0.00170746973882482,0.00263465183289671
"MIGE34L45","Immature males, cw >= 34mm, cw < 45mm","zoneE",2436.91866680957,0.474195278202267,1.25271845955273,13,0.568133575277156,2.15268865736519,0.00568170906285776,3.69928304125517,5.84638024822292e-05,0.000281460980933145,0.00048922738270785
"MMGE95SC12","Commercial crab, shell condition 1,2","zoneE",2436.91866680957,0.694793484293086,2.505113533477,13,0.756575382914218,1.10246651437081,0.0528614180439756,3.46690288249153,0.000150341629752617,0.00035100438083292,0.000687309454432129
"MMGE95SC3","Commercial crab, shell condition 3","zoneE",2436.91866680957,0.046319565619539,0.167007568898467,13,0.275957206798808,0.312991320984761,0.0307038191563041,1.08476587122424,-5.78692859272351e-05,8.34074369886341e-05,0.000122975498520869
"MMGE95SC4","Commercial crab, shell condition 4","zoneE",2436.91866680957,0,0,13,0.0458441643907141,0.21987106257648,0.000284244950845461,0.308053114685479,-1.30543238180861e-05,1.43174932009418e-05,1.8471681303301e-05
"MMGE95SC5","Commercial crab, shell condition 5","zoneE",2436.91866680957,0,0,13,0.0200592888617638,0.0263563115346798,0.00170629452165861,0.0864947084462288,-5.03581654085025e-06,5.61778563554752e-06,6.78845007407187e-06
"MM","Mature males","zoneE",2436.91866680957,1.27799149787478,3.48940307943475,13,3.76036326153304,2.479370032727,0.967006092462833,10.1919939485796,-0.000449307387175777,0.000588814822542382,0.000737764788809982
"MMGE95","Commercial crab","zoneE",2436.91866680957,0.741113049912624,2.49674919114948,13,1.05269582376393,1.27816941509486,0.103609902537593,4.32275888299414,8.97322312585971e-05,0.00031721858321892,0.000630401588048041
"MML95","Sub-legal mature males","zoneE",2436.91866680957,0.536878447962154,1.16851153427693,13,2.66408657734164,1.63529596561782,0.749529587184792,6.87766613219266,-0.000539521152543499,0.000618064177503596,0.000726231651823686
"FI","Immature females","zoneE",2436.91866680957,1.2495031501072,2.97779952135132,13,2.39983752502877,6.26563543400262,0.0516514735036017,14.2647499368263,-0.000146549688741962,0.00055370011883703,0.000777924058354442
"FIGNO","Immature females, orange gonads","zoneE",2436.91866680957,0.134186038820152,0.32778881843472,13,0.273896605527458,2.16088561380526,0.000636328537429078,1.86414500981769,-1.3483508758553e-05,2.82912954057369e-05,3.95736777590926e-05
"FM","Mature females","zoneE",2436.91866680957,0.134320331501697,0.328102816534817,13,9.73756848905198,8.52709194005465,1.66981048315862,32.1394429329259,-0.00227611586051332,0.0024040983616793,0.00410510495789117
"FP","Primiparous females","zoneE",2436.91866680957,0,0,13,2.52517573390749,2.55378130762325,0.342671246633798,9.19932378615791,-0.000651315051499468,0.000967317936619602,0.00189586693050363
"FMULT","Multiparous females","zoneE",2436.91866680957,0.134320331501697,0.328102816534817,13,7.46485965180582,8.40377769925862,0.841610499198748,29.2017187780489,-0.00172332251859425,0.00176348162334057,0.00253491828422175
"MIGE56L69","Immature males, cw >= 56mm, cw < 69mm","zoneE",2436.91866680957,0.347396742146543,1.2525567667385,13,3.66563195495391,1.90467251342176,1.24770281271751,8.47983248937456,-0.000834429123704709,0.00121030584747953,0.00208414744319701
"MIGE69L83","Immature males, cw >= 69mm, cw < 83mm","zoneE",2436.91866680957,1.0653500092494,3.49520947789782,13,2.5418249268747,1.85864322106607,0.568921019943426,7.39978440731015,-0.000153731145159514,0.000311295901506224,0.000519511823691352
"MIGE83","Immature males, cw >= 83mm","zoneE",2436.91866680957,0.995870660820089,3.24592432570552,13,1.45626702675116,2.08499839809554,0.105255177110711,6.60625228494082,0.000127830030921315,0.00039008658903035,0.00075467682712853
"MIGE83L98","Immature males, cw >= 83mm, cw < 98mm","zoneE",2436.91866680957,0.995870660820089,3.24592432570552,13,1.37591116091758,1.96470531978943,0.0999572626630831,6.23214945662678,0.000150768974948125,0.000442501360021106,0.000857400355169628
"MIGE83L98SC345","Skip-moulter males, cw >= 83mm, cw < 98mm","zoneE",2436.91866680957,0.648473918673546,2.0040908267816,13,0.683083016534465,0.853504359608867,0.0637920916455698,2.85583427086866,0.000135131294461045,0.000383311695314549,0.000723384971909945
"MIGE34L45","Immature males, cw >= 34mm, cw < 45mm","zoneF",2426.8307893941,0.28313177886622,0.456740565870494,17,0.470239959143444,2.43575142450169,0.00249842384991067,3.18019511043672,-0.000174393976747203,0.000241655472746711,0.000360580832748503
"MMGE95SC12","Commercial crab, shell condition 1,2","zoneF",2426.8307893941,7.01309359751111,16.3195818414074,17,6.75403729982762,1.2285266974516,4.66577744323149,9.4638201294683,0.00063345603001975,0.00408872771016306,0.00701508181156628
"MMGE95SC3","Commercial crab, shell condition 3","zoneF",2426.8307893941,2.58065917292877,3.49930920179504,17,2.47086754019264,0.37726987673343,1.81395129888179,3.28900588533269,6.81663426365204e-05,0.000979903023496714,0.00138371034773387
"MMGE95SC4","Commercial crab, shell condition 4","zoneF",2426.8307893941,0.0548423942824818,0.226120984388443,17,0.0912679914449077,0.252352113279654,0.00174504023432358,0.552162692886022,-9.61065560026842e-06,4.28176037502654e-05,9.39369605291859e-05
"MMGE95SC5","Commercial crab, shell condition 5","zoneF",2426.8307893941,0,0,17,0,0.032434845516138,0,NA,0,0,0
"MM","Mature males","zoneF",2426.8307893941,17.2220722615681,25.0640795898493,17,18.1122434687696,2.89506898350716,13.1007095269541,24.4170546984656,6.50684261330561e-06,0.00660369515750324,0.0102893191100185
"MMGE95","Commercial crab","zoneF",2426.8307893941,9.64859516472236,18.1949203001621,17,8.93884875915874,1.52146858094463,6.32748944263287,12.2723754648039,0.000510380645629449,0.00495537994714924,0.00766742888659489
"MML95","Sub-legal mature males","zoneF",2426.8307893941,7.57347709684572,8.01843916114427,17,8.43628470674979,1.87546055701316,5.35456382846503,12.665680146815,-0.000267215575667795,0.00232421493233545,0.00297137978658443
"FI","Immature females","zoneF",2426.8307893941,1.91198271773261,3.62887170976538,17,1.83098577520058,6.28479585154995,0.0224210275034128,11.6982718036288,-0.000393367591095678,0.000704863790467573,0.00109593508308996
"FIGNO","Immature females, orange gonads","zoneF",2426.8307893941,1.23582088079706,2.66352845748825,17,1.24242851251321,2.39176990697413,0.0499591269682453,6.56573709939766,-0.000192856640001904,0.000636827212214914,0.000971669167838977
"FM","Mature females","zoneF",2426.8307893941,31.4145591230892,45.881303423701,17,29.1962389010091,9.43047793593805,14.9840365533351,51.5140516667648,-0.000803149315821838,0.0118283495543516,0.0166057185527735
"FP","Primiparous females","zoneF",2426.8307893941,14.4305807415584,28.3716877424437,17,9.94873810952833,2.66336837185151,5.73845487161033,16.0946183951353,5.48216888087838e-05,0.00512589836368123,0.00923522408403647
"FMULT","Multiparous females","zoneF",2426.8307893941,16.9839783815308,37.8602945590854,17,18.0041116438329,9.33687174296278,6.1408659581431,41.5979418484152,-0.000557289438279508,0.0115012244436994,0.0171500763211054
"MIGE56L69","Immature males, cw >= 56mm, cw < 69mm","zoneF",2426.8307893941,13.1785313842611,30.5641954341727,17,10.3166184912896,1.95218822464857,7.01845839896388,14.6404405480449,0.000638217142361193,0.00624310956701932,0.011834048294712
"MIGE69L83","Immature males, cw >= 69mm, cw < 83mm","zoneF",2426.8307893941,14.8747070418143,22.3555724298107,17,11.0694655293138,2.08220144114228,7.54835438126692,15.6783399728901,0.000743480246374043,0.00585964840393068,0.0076018090840049
"MIGE83","Immature males, cw >= 83mm","zoneF",2426.8307893941,15.5609303946201,25.9653225801951,17,11.964454717332,2.42017017908019,7.9200339997926,17.3637125085795,0.00145432032975676,0.00878062575721869,0.0111028042831117
"MIGE83L98","Immature males, cw >= 83mm, cw < 98mm","zoneF",2426.8307893941,14.1732552422735,23.4439531738873,17,11.6120931688543,2.32195308840933,7.72425317539716,16.785639054649,0.000911070013506419,0.00815744324424518,0.0103210284995521
"MIGE83L98SC345","Skip-moulter males, cw >= 83mm, cw < 98mm","zoneF",2426.8307893941,3.45064947850081,5.55659405027984,17,2.80437007259784,1.03321450236733,1.30771230311298,5.29516159515732,0.000208480667644665,0.00209701759353284,0.00281112036700077
"MIGE34L45","Immature males, cw >= 34mm, cw < 45mm","zoneEF_unassigned",667.873695525035,0.0596315799575924,0.119263159915185,4,0.0536921402489274,1.07756537689283,2.19623860241071e-05,0.325086679403663,-2.3792311898242e-05,0.000118817117142252,0.000170102482317021
"MMGE95SC12","Commercial crab, shell condition 1,2","zoneEF_unassigned",667.873695525035,0.0613854499563451,0.12277089991269,4,0.0727119206621923,0.575552375896388,0.000167853685714363,0.494817598316943,3.19159198971298e-06,0.000182227733416908,0.000257001124987689
"MMGE95SC3","Commercial crab, shell condition 3","zoneEF_unassigned",667.873695525035,0,0,4,0.0786650489415796,0.163061324838428,0.00272108274832037,0.429352365320798,-0.000104180960133634,0.000104180960133634,0.000135077245619386
"MMGE95SC4","Commercial crab, shell condition 4","zoneEF_unassigned",667.873695525035,0,0,4,0.000193499767759357,0.106972768728704,3.30379571146075e-10,0.000370817919661651,0,0,0
"MMGE95SC5","Commercial crab, shell condition 5","zoneEF_unassigned",667.873695525035,0,0,4,0,0.015733795092834,0,NA,0,0,0
"MM","Mature males","zoneEF_unassigned",667.873695525035,0.12277089991269,0.245541799825381,4,0.250474679683336,1.2170036975816,0.00151294281105858,1.6851236197169,0.000174414531050851,0.000261621796576277,0.000348829062101703
"MMGE95","Commercial crab","zoneEF_unassigned",667.873695525035,0.0613854499563451,0.12277089991269,4,0.147836692932445,0.648311822745454,0.00109818523309784,0.983716751094363,-0.000236488296135,0.000203588444942705,0.00027270525204797
"MML95","Sub-legal mature males","zoneEF_unassigned",667.873695525035,0.0613854499563451,0.12277089991269,4,0.161952472123456,0.795293628232442,0.000957591332560845,1.09060856105167,9.19117647058824e-05,0.000137867647058824,0.000183823529411765
"FI","Immature females","zoneEF_unassigned",667.873695525035,0.0596315799575924,0.119263159915185,4,0.098920904836493,3.04015225064452,1.90265488013907e-05,0.54392882781073,2.30825416137537e-05,0.000116852451014996,0.000174025642099106
"FIGNO","Immature females, orange gonads","zoneEF_unassigned",667.873695525035,0,0,4,0.0118379429376809,1.07600943438997,3.61689809266935e-07,0.0468904040584064,-1.41803435547511e-05,2.12705153321266e-05,2.83606871095021e-05
"FM","Mature females","zoneEF_unassigned",667.873695525035,0.0613854499563451,0.12277089991269,4,1.3672788010202,4.25991725284636,0.0204344831094759,8.54436629309129,-0.00401605994751192,0.00401605994751192,0.00472286003564831
"FP","Primiparous females","zoneEF_unassigned",667.873695525035,0,0,4,0.232959022785691,1.2923821885764,0.0010794133377752,1.5822012307217,-0.000346106682014151,0.000346106682014151,0.000410740600583496
"FMULT","Multiparous females","zoneEF_unassigned",667.873695525035,0.0613854499563451,0.12277089991269,4,0.966817840158372,4.16864108233234,0.00743247822250344,6.41951117165188,-0.00383316105171624,0.00383316105171624,0.004488932642558
"MIGE56L69","Immature males, cw >= 56mm, cw < 69mm","zoneEF_unassigned",667.873695525035,0,0,4,0.0611734730239141,0.924815524873426,4.18315394894514e-05,0.389710780261293,-0.000138752112129439,0.000208128168194159,0.000277504224258879
"MIGE69L83","Immature males, cw >= 69mm, cw < 83mm","zoneEF_unassigned",667.873695525035,0.736625399476142,1.47325079895228,4,0.319138739817646,0.960026413704951,0.0051274873578109,1.97663077042979,0.000652900043045943,0.00187943233141821,0.00256592381842006
"MIGE83","Immature males, cw >= 83mm","zoneEF_unassigned",667.873695525035,3.1306579477736,6.2613158955472,4,1.79201271215929,1.12541788925318,0.490164365072304,4.69840710882548,0.00280082118151694,0.00797458940924153,0.0107158040028787
"MIGE83L98","Immature males, cw >= 83mm, cw < 98mm","zoneEF_unassigned",667.873695525035,3.06927249781726,6.13854499563451,4,2.03063773153194,1.01338159910739,0.721007365357689,4.57874501835141,0.00238989069191432,0.00758043103436286,0.0101884621050554
"MIGE83L98SC345","Skip-moulter males, cw >= 83mm, cw < 98mm","zoneEF_unassigned",667.873695525035,2.02571984855939,4.05143969711878,4,1.41440543615209,0.463422261527003,0.718817133547268,2.5132988072425,0.00154660466089106,0.00521556671263184,0.00696828899154723
"MIGE34L45","Immature males, cw >= 34mm, cw < 45mm","zone19_F_buffer",134.197262246948,0,NA,1,0.0151533052272353,0.320786232128598,5.63297149473363e-06,0.090759578848386,-0.000116351136870301,0,NA
"MMGE95SC12","Commercial crab, shell condition 1,2","zone19_F_buffer",134.197262246948,0.101896174826839,NA,1,0.249576784993385,0.171822721659315,0.0606423240019284,0.696856347104891,-0.00405839936090517,0,NA
"MMGE95SC3","Commercial crab, shell condition 3","zone19_F_buffer",134.197262246948,0.305688524480518,NA,1,0.130197947724131,0.0520419254952246,0.0568470458988653,0.257115385164714,0.00128097417105899,0,NA
"MMGE95SC4","Commercial crab, shell condition 4","zone19_F_buffer",134.197262246948,0.0509480874134197,NA,1,0.00995847198328382,0.0331529009436253,0.000129851307922484,0.0632068297246947,0.000332228059759948,0,NA
"MMGE95SC5","Commercial crab, shell condition 5","zone19_F_buffer",134.197262246948,0,NA,1,0,0.00513359457096799,0,NA,0,0,NA
"MM","Mature males","zone19_F_buffer",134.197262246948,1.12085792309523,NA,1,0.732890630485777,0.371634777354849,0.255955664006416,1.6692949342085,7.56198767215051e-05,0,NA
"MMGE95","Commercial crab","zone19_F_buffer",134.197262246948,0.458532786720777,NA,1,0.406546108655336,0.204665453948769,0.14305442235955,0.92175590749503,-0.000979021318031455,0,NA
"MML95","Sub-legal mature males","zone19_F_buffer",134.197262246948,0.662325136374456,NA,1,0.299434388077021,0.235301358006999,0.060478656882135,0.91654471198867,0.00150510336646918,0,NA
"FI","Immature females","zone19_F_buffer",134.197262246948,0,NA,1,0.041913728242847,0.847757360989199,1.69064814646653e-05,0.253377772707115,-0.000792168280078962,0,NA
"FIGNO","Immature females, orange gonads","zone19_F_buffer",134.197262246948,0,NA,1,0.0207912843606237,0.308466048896498,1.4716262720708e-05,0.132844764807007,-0.000247343132453164,0,NA
"FM","Mature females","zone19_F_buffer",134.197262246948,4.99291256651513,NA,1,1.18803479854433,1.22034533006283,0.157025420882378,4.37369451515501,0.0293145352943291,0,NA
"FP","Primiparous females","zone19_F_buffer",134.197262246948,0,NA,1,0.108099132127142,0.374355834202137,0.00129979651366564,0.691930398827201,-0.00341871372521652,0,NA
"FMULT","Multiparous females","zone19_F_buffer",134.197262246948,4.99291256651513,NA,1,1.05555569526371,1.20083740051553,0.116815467515157,4.15745946159447,0.0325988945011925,0,NA
"MIGE56L69","Immature males, cw >= 56mm, cw < 69mm","zone19_F_buffer",134.197262246948,0.0509480874134197,NA,1,0.158817835216392,0.25575973222853,0.00912987002572165,0.768831317818909,-0.00203589263496953,0,NA
"MIGE69L83","Immature males, cw >= 69mm, cw < 83mm","zone19_F_buffer",134.197262246948,0.203792349653679,NA,1,0.343664173484924,0.286145651785885,0.063685310203659,1.09522073060526,-0.00232927518563101,0,NA
"MIGE83","Immature males, cw >= 83mm","zone19_F_buffer",134.197262246948,0.101896174826839,NA,1,0.467365853285963,0.351018719477342,0.100748120437055,1.38616814985766,-0.00475053915521213,0,NA
"MIGE83L98","Immature males, cw >= 83mm, cw < 98mm","zone19_F_buffer",134.197262246948,0.101896174826839,NA,1,0.407335254260444,0.317150298686058,0.0833857864293844,1.23882069944987,-0.0037599547969753,0,NA
"MIGE83L98SC345","Skip-moulter males, cw >= 83mm, cw < 98mm","zone19_F_buffer",134.197262246948,0,NA,1,0.165879689401221,0.148394381744526,0.0275067257234547,0.555654162113467,-0.00129100636786063,0,NA
"MIGE34L45","Immature males, cw >= 34mm, cw < 45mm","zone19_12_buffer",289.052790742378,0,0,2,0.0775260766285341,0.751848456930145,0.000121314463102528,0.521224429439518,-0.000284573057112757,5.30913724700206e-05,7.50825389921047e-05
"MMGE95SC12","Commercial crab, shell condition 1,2","zone19_12_buffer",289.052790742378,0.400557959988337,0.302658831955585,2,0.553123875821415,0.40276714339765,0.124524955702629,1.60558041606982,-0.000874066178502301,0.000850191397869286,0.00120235220547969
"MMGE95SC3","Commercial crab, shell condition 3","zone19_12_buffer",289.052790742378,0.251493152698346,0.223757193601759,2,0.151061488826555,0.114142634353841,0.0322857581727875,0.44992252532014,0.00033897184180128,0.000633964145390991,0.000896560692470208
"MMGE95SC4","Commercial crab, shell condition 4","zone19_12_buffer",289.052790742378,0.144487096467449,0.0594800561642444,2,0.0612350261746602,0.0739045180930833,0.00609338442773343,0.250498822242466,0.000305686967309278,0.000159870481319902,0.00022609100290572
"MMGE95SC5","Commercial crab, shell condition 5","zone19_12_buffer",289.052790742378,0.0466364618816358,0.0659539168941052,2,0.017075082930724,0.0111724998242635,0.00443448034544309,0.0460378828984278,0.000110072998119467,0.0001715183086177,0.000242563518242445
"MM","Mature males","zone19_12_buffer",289.052790742378,1.72840809313063,0.597628493585813,2,1.90611849075823,0.838022954935976,0.765513367352335,3.9774119914122,-0.00134221548387948,0.00154069550534487,0.00217887247914598
"MMGE95","Commercial crab","zone19_12_buffer",289.052790742378,0.843174671035768,0.400982052498994,2,0.752798672183624,0.451481231527048,0.217838949911488,1.91330413367538,7.40869346006823e-05,0.00114015391508584,0.00161242112990718
"MML95","Sub-legal mature males","zone19_12_buffer",289.052790742378,0.885233422094862,0.196646441086818,2,1.07689473347901,0.545110093342242,0.376787982857686,2.45008945664839,-0.000994088441849172,0.00033742090978176,0.000477185226841634
"FI","Immature females","zone19_12_buffer",289.052790742378,0,0,2,0.711451882568394,2.27858022901399,0.0100458512739037,4.47575141544106,-0.00123162590194537,0.000204719741392475,0.000289517434762751
"FIGNO","Immature females, orange gonads","zone19_12_buffer",289.052790742378,0,0,2,0.281464183791073,0.761591692221987,0.00562722858776157,1.6918108951314,-0.000691922575045226,9.77344120377821e-05,0.000138217331014392
"FM","Mature females","zone19_12_buffer",289.052790742378,3.02335489685891,1.37369715566436,2,3.82651281457459,3.02166780802041,0.767362787668807,11.7525976960947,-0.00329760371034944,0.00474454157446212,0.00670979504184733
"FP","Primiparous females","zone19_12_buffer",289.052790742378,1.78334062300113,2.25820882780267,2,1.2702555705336,0.931448870948216,0.283205248057458,3.70519251102618,0.000373635004584473,0.00846960500874735,0.0119778302713136
"FMULT","Multiparous females","zone19_12_buffer",289.052790742378,1.24001427385778,0.884511672138308,2,2.42006813572209,2.93661840489593,0.238456976772611,9.93386054551806,-0.00427330686689032,0.00342417651292488,0.00484251686453778
"MIGE56L69","Immature males, cw >= 56mm, cw < 69mm","zone19_12_buffer",289.052790742378,0.153642518112533,0.217283332871898,2,0.615886515690866,0.697873464828225,0.0686415638058065,2.41949904842054,-0.00122197804198194,0.00118065881778767,0.0016697037126507
"MIGE69L83","Immature males, cw >= 69mm, cw < 83mm","zone19_12_buffer",289.052790742378,1.22456243407772,1.59988496845711,2,1.26517070904751,0.671927268046516,0.420627340091254,2.96818768636344,-0.00143582952674994,0.00532084433570839,0.00752481022283486
"MIGE83","Immature males, cw >= 83mm","zone19_12_buffer",289.052790742378,1.48063329759861,1.96202385657694,2,1.29674906283356,0.789023229084829,0.368758567112444,3.3279542908827,-0.000377694205101978,0.00589773603861784,0.00834065829310993
"MIGE83L98","Immature males, cw >= 83mm, cw < 98mm","zone19_12_buffer",289.052790742378,1.17334826137354,1.52745719083315,2,1.05907434208312,0.707142198287109,0.267935163317139,2.89540035029494,-0.000386609910866403,0.00460363382593035,0.00651052139283024
"MIGE83L98SC345","Skip-moulter males, cw >= 83mm, cw < 98mm","zone19_12_buffer",289.052790742378,0.819426763266842,1.15884444198346,2,0.398519787929149,0.325838292961235,0.0759029840940511,1.25404608680361,0.00115518060407574,0.00337976052949075,0.00477970317837909
