"date","zone","tow.number","tow.id","swept.area","swept.area.method","tow.type","touchdown.time","stop.time","latitude","longitude","depth.meters","bottom.temperature","vessel","commercial.count","commercial.weight","commercial345.count","commercial345.weight","male.legal.immature.count","male.count","female.count","female.mature.count","female.immature.count","total.count"
"2020-07-13","F",1,"GP354F",2412,"model","Primary","05:24:13","05:29:33",47.3834241666667,-60.389115,80.5,1.75,"Avalon Voyager II",1,0.857391352988009,0,0,0,5,0,0,0,5
"2020-07-13","F",2,"GP351F",2347,"model","Primary","06:30:04","06:35:24",47.43172,-60.459815,95.1,1.74,"Avalon Voyager II",10,5.680634344405,6,3.35303838264678,4,90,12,10,2,102
"2020-07-13","F",3,"GP353F",2462,"average","Primary","07:47:06","07:57:26",47.5227383333333,-60.4023091666667,312.7,6.77,"Avalon Voyager II",0,0,0,0,0,1,0,0,0,1
"2020-07-13","F",4,"GP352F",3000,"model","Primary","09:05:55","09:11:00",47.5562308333333,-60.4383158333333,250.5,6.42,"Avalon Voyager II",0,0,0,0,6,154,0,0,0,154
"2020-07-13","F",5,"GP350F",2026,"model","Primary","10:15:47","10:20:56",47.5099291666667,-60.4816433333333,142.6,4.2,"Avalon Voyager II",7,3.84517858621837,2,0.774680181652931,2,17,0,0,0,17
"2020-07-13","F",6,"GP346F",2262,"model","Primary","11:33:56","11:38:57",47.4794866666667,-60.6084741666667,73.2,1.14,"Avalon Voyager II",3,1.80717670838966,0,0,0,18,90,90,0,108
"2020-07-13","F",7,"GP342F",2400,"model","Primary","12:51:49","12:57:13",47.566605,-60.6950741666667,56.7,1.01,"Avalon Voyager II",66,35.859665479532,9,5.14075390084392,30,202,13,0,13,215
"2020-07-13","F",8,"GP334F",2232,"model","Primary","13:59:09","14:04:07",47.5567008333333,-60.8480191666667,51.2,0.99,"Avalon Voyager II",0,0,0,0,0,19,7,0,7,26
"2020-07-15","F",1,"GP323F",2511,"model","Primary","20:07:21","20:12:48",47.6273408333333,-61.0042775,40.2,1.67,"Avalon Voyager II",9,4.50850872824548,0,0,0,71,1,1,0,72
"2020-07-16","F",1,"GP325F",2384,"model","Primary","05:13:36","05:18:58",47.781615,-60.9530175,54.9,0.95,"Avalon Voyager II",84,46.9860986223603,4,2.31728292271681,23,288,24,16,8,312
"2020-07-16","F",2,"GP335F",2425,"model","Primary","06:23:53","06:29:13",47.7692266666667,-60.8334016666667,69.5,0.35,"Avalon Voyager II",2,0.821840681659562,1,0.426986788795849,0,17,123,123,0,140
"2020-07-16","F",3,"GP344F",2468,"average","Primary","07:46:38","07:51:49",47.7438775,-60.6772466666667,84.1,0.87,"Avalon Voyager II",6,3.05075523668429,2,0.90710899560378,0,12,6,6,0,18
"2020-07-16","F",4,"GP341F",2642,"model","Primary","08:58:32","09:03:38",47.8141591666667,-60.6975291666667,192,5.23,"Avalon Voyager II",9,4.61534928558198,0,0,15,41,0,0,0,41
"2020-07-16","F",5,"GP331F",2175,"model","Primary","10:19:43","10:24:47",47.8320766666667,-60.8997016666667,73.2,0.07,"Avalon Voyager II",7,3.75830053693135,3,1.53909599099247,1,31,137,134,3,168
"2020-07-16","F",6,"GP326F",2645,"model","Primary","11:03:47","11:08:53",47.8210358333333,-60.9772816666667,56.7,0.27,"Avalon Voyager II",18,9.48837258458375,3,1.43204299661337,11,139,51,43,8,190
"2020-07-16","F",7,"GP315F",2616,"model","Primary","11:54:31","11:59:40",47.8450475,-61.0873691666667,53,0.82,"Avalon Voyager II",0,0,0,0,0,2,0,0,0,2
"2020-07-16","F",8,"GP324F",2309,"average","Primary","13:10:32","13:15:58",47.9150125,-60.96396,87.8,0.36,"Avalon Voyager II",3,1.40874136511311,0,0,0,13,47,47,0,60
"2020-07-16","F",9,"GP313F",2155,"average","Primary","14:19:04","14:24:28",47.9680358333333,-61.1034341666667,84.1,0.05,"Avalon Voyager II",3,1.6750577271672,1,0.56797336640144,1,40,89,89,0,129
"2020-07-16","12",10,"GP320F",2155,"average","Primary","15:27:50","15:33:49",48.0333891666667,-61.0135791666667,292.6,6.72,"Avalon Voyager II",12,7.68881421006074,9,5.85528345675581,6,32,1,0,1,33
"2020-07-16","12",11,"GP312F",2155,"average","Primary","16:43:15","16:48:46",48.0784916666667,-61.1096808333333,296.3,6.69,"Avalon Voyager II",0,0,0,0,0,0,0,0,0,0
"2020-07-16","12",12,"GP316F",2207,"average","Primary","18:33:21","18:37:25",48.1955666666667,-61.2408841666667,382.2,6.16,"Avalon Voyager II",0,0,0,0,0,0,0,0,0,0
"2020-07-16","E",13,"GP295F",1726,"model","Primary","20:14:33","20:19:28",48.0940525,-61.4039241666667,93.3,0.67,"Avalon Voyager II",9,4.09024664027248,1,0.41025967674957,2,38,11,0,11,49
"2020-07-17","12",1,"GP293F",2191,"average","Primary","05:32:20","05:38:09",48.220755,-61.4270016666667,360.3,6.3,"Avalon Voyager II",0,0,0,0,0,1,0,0,0,1
"2020-07-17","E",2,"GP282F",2257,"average","Primary","07:42:33","07:49:45",48.2244625,-61.60599,320,6.7,"Avalon Voyager II",0,0,0,0,0,0,1,0,1,1
"2020-07-17","E",3,"GP273F",2639,"model","Primary","09:26:18","09:31:18",48.1137791666667,-61.7067575,93.3,1.2,"Avalon Voyager II",2,0.856628029322569,2,0.856628029322569,0,224,30,0,30,254
"2020-07-17","E",4,"GP269F",2363,"average","Primary","11:32:20","11:37:02",48.2837725,-61.7842316666667,336.5,6.65,"Avalon Voyager II",0,0,0,0,0,0,1,0,1,1
"2020-07-17","E",5,"GP260F",2772,"model","Primary","12:59:02","13:04:01",48.2347566666667,-61.8834841666667,221.3,5.55,"Avalon Voyager II",2,1.25180910751867,2,1.25180910751867,3,10,0,0,0,10
"2020-07-17","E",6,"GP251F",1845,"model","Primary","13:55:20","14:00:20",48.2492041666667,-61.951805,197.5,5.34,"Avalon Voyager II",0,0,0,0,0,0,0,0,0,0
"2020-07-17","E",7,"GP250F",2507,"average","Primary","14:46:45","14:51:58",48.2876208333333,-61.9406791666667,256,6.28,"Avalon Voyager II",0,0,0,0,0,1,0,0,0,1
"2020-07-17","E",8,"GP235F",2503,"average","Primary","16:46:49","16:50:59",48.4029933333333,-62.11169,365.8,6.4,"Avalon Voyager II",0,0,0,0,0,1,0,0,0,1
"2020-07-17","E",9,"GP237F",2503,"average","Primary","18:15:51","18:21:05",48.3600066666667,-62.1084033333333,279.8,6.48,"Avalon Voyager II",0,0,0,0,0,0,0,0,0,0
"2020-07-17","12",10,"GP208F",2975,"model","Primary","20:30:22","20:35:22",48.2678466666667,-62.3777416666667,73.2,-0.02,"Avalon Voyager II",0,0,0,0,0,14,7,5,2,21
"2020-07-18","12",1,"GP120F",2673,"average","Primary","05:44:28","05:50:14",48.9107775,-63.2433983333333,384,6.44,"Avalon Voyager II",0,0,0,0,0,1,0,0,0,1
"2020-07-18","12",2,"GP098F",2604,"average","Primary","08:07:18","08:11:47",48.93282,-63.4243083333333,347.5,6.41,"Avalon Voyager II",0,0,0,0,0,1,0,0,0,1
"2020-07-18","12",4,"GP081FR",2629,"average","Redone","11:31:18","11:38:22",48.8992316666667,-63.5933766666667,303.6,6.22,"Avalon Voyager II",0,0,0,0,0,0,0,0,0,0
"2020-07-18","12",6,"GP072A1",2498,"model","Alternate 1","15:29:16","15:34:15",48.7396291666667,-63.669025,150,3.6,"Avalon Voyager II",0,0,0,0,0,0,2,0,2,2
"2020-07-18","12",7,"GP085F",2629,"average","Primary","17:09:04","17:13:54",48.8346541666667,-63.5538033333333,246.9,5.95,"Avalon Voyager II",0,0,0,0,0,0,0,0,0,0
"2020-07-18","12",8,"GP109F",2535,"average","Primary","18:42:17","18:47:42",48.8389608333333,-63.3491375,307.2,6.31,"Avalon Voyager II",0,0,0,0,0,0,0,0,0,0
"2020-07-18","12",9,"GP122F",2589,"average","Primary","20:08:24","20:13:42",48.7538133333333,-63.2707041666667,268.8,5.96,"Avalon Voyager II",0,0,0,0,0,2,1,0,1,3
"2020-07-19","12",1,"GP121F",2818,"model","Primary","05:27:45","05:32:34",48.66839,-63.2382008333333,230.4,5.38,"Avalon Voyager II",0,0,0,0,0,0,4,0,4,4
"2020-07-19","E",2,"GP142F",2696,"average","Primary","06:54:37","06:59:49",48.714555,-63.1069783333333,338.3,6.51,"Avalon Voyager II",0,0,0,0,0,0,0,0,0,0
"2020-07-19","E",3,"GP156F",2846,"average","Primary","08:56:32","09:01:24",48.5918166666667,-62.9306725,365.8,6.4,"Avalon Voyager II",0,0,0,0,0,0,0,0,0,0
"2020-07-19","12",4,"GP134F",2305,"model","Primary","11:02:27","11:07:35",48.5648241666667,-63.1471191666667,217.6,5.16,"Avalon Voyager II",0,0,0,0,0,9,10,2,8,19
"2020-07-19","E",5,"GP139F",1926,"model","Primary","12:06:53","12:11:52",48.5502425,-63.1371183333333,221.3,5.1,"Avalon Voyager II",0,0,0,0,0,6,2,2,0,8
"2020-07-19","12",6,"GP115F",3609,"model","Primary","14:11:49","14:16:57",48.4400125,-63.3032875,98.8,0.87,"Avalon Voyager II",3,1.93456424320287,0,0,0,64,36,2,34,100
"2020-07-19","12",7,"GP130F",2557,"model","Primary","15:40:38","15:45:57",48.30887,-63.1718483333333,51.2,1.03,"Avalon Voyager II",0,0,0,0,0,6,0,0,0,6
"2020-07-19","12",8,"GP152F",2952,"average","Primary","16:57:14","17:02:28",48.3112433333333,-62.9780666666667,78.6,0.15,"Avalon Voyager II",4,2.06827515522415,4,2.06827515522415,0,82,108,8,100,190
"2020-07-19","12",9,"GP138F",2753,"average","Primary","17:44:47","17:49:55",48.3866941666667,-62.9629216666667,82.3,0.39,"Avalon Voyager II",1,0.504821410616565,1,0.504821410616565,0,31,13,7,6,44
"2020-07-19","12",10,"GP166F",2530,"model","Primary","18:41:21","18:46:24",48.4163958333333,-62.8463866666667,170.1,4.88,"Avalon Voyager II",0,0,0,0,0,1,0,0,0,1
"2020-07-19","E",11,"GP187F",2883,"average","Primary","20:11:09","20:16:23",48.4458508333333,-62.6356458333333,343.8,6.54,"Avalon Voyager II",0,0,0,0,0,0,0,0,0,0
"2020-07-20","F",1,"GP203F",2810,"average","Primary","05:42:14","05:50:11",48.3598491666667,-62.4404483333333,263.3,6.32,"Avalon Voyager II",0,0,0,0,0,2,1,0,1,3
"2020-07-20","12",2,"GP181F",3321,"model","Primary","07:54:48","08:00:03",48.3083283333333,-62.6751458333333,91.4,0.15,"Avalon Voyager II",0,0,0,0,0,11,5,0,5,16
"2020-07-20","12",4,"GP165A1",3376,"model","Alternate 1","11:01:08","11:06:44",48.3173608333333,-62.914695,76.8,0.1,"Avalon Voyager II",2,0.788422509071744,1,0.373926842692234,1,24,11,9,2,35
"2020-07-20","12",5,"GP153F",2338,"model","Primary","12:28:35","12:33:41",48.2097275,-62.9684,73.2,0.35,"Avalon Voyager II",8,3.92690866012012,4,2.06755031078216,0,40,58,46,12,98
"2020-07-20","12",6,"GP169F",2556,"model","Primary","13:40:46","13:45:55",48.1788733333333,-62.8479841666667,75,0.35,"Avalon Voyager II",4,2.01355457386427,3,1.65221539567386,0,48,41,2,39,89
"2020-07-20","12",7,"GP180F",3506,"model","Primary","14:56:27","15:01:40",48.1883575,-62.685425,91.4,1.11,"Avalon Voyager II",3,1.42573452727859,0,0,0,12,32,29,3,44
"2020-07-20","12",8,"GP185F",3644,"model","Primary","15:50:58","15:56:00",48.1440275,-62.663935,98.8,1.19,"Avalon Voyager II",9,4.14879313684335,3,1.54531594803172,1,51,9,5,4,60
"2020-07-20","12",9,"GP201F",2657,"model","Primary","16:48:05","16:53:13",48.1733983333333,-62.5405691666667,73.2,0.27,"Avalon Voyager II",5,2.16466071777799,2,0.806984264714477,1,27,14,1,13,41
"2020-07-20","12",10,"GP207F",2638,"model","Primary","18:18:56","18:24:06",48.1489033333333,-62.2947383333333,78.6,0.19,"Avalon Voyager II",7,3.34523107509199,0,0,0,34,35,32,3,69
"2020-07-20","12",11,"GP227F",2266,"model","Primary","19:03:08","19:08:50",48.1813958333333,-62.2104341666667,84.1,0.32,"Avalon Voyager II",2,0.903924950913445,0,0,1,18,2,0,2,20
"2020-07-20","12",12,"GP230F",1797,"model","Primary","19:52:13","19:57:22",48.1386233333333,-62.1820333333333,87.8,0.29,"Avalon Voyager II",2,1.32825035739552,0,0,0,26,9,5,4,35
"2020-07-21","12",1,"GP217F",2766,"model","Primary","05:20:56","05:26:04",48.0781216666667,-62.3767283333333,73.2,0.1,"Avalon Voyager II",5,2.63491531641947,1,0.463341318655922,0,49,39,38,1,88
"2020-07-21","12",2,"GP200F",2745,"model","Primary","06:29:11","06:34:23",48.0650741666667,-62.5031058333333,60.4,0.35,"Avalon Voyager II",3,1.33743302797954,0,0,0,25,10,2,8,35
"2020-07-21","12",3,"GP218F",2505,"model","Primary","07:23:43","07:28:31",48.0335775,-62.3675408333333,80.5,0.33,"Avalon Voyager II",19,10.1172891963049,14,7.41983246488457,0,77,142,140,2,219
"2020-07-21","12",4,"GP236F",2567,"model","Primary","08:18:37","08:23:48",47.9631491666667,-62.2583225,75,0.63,"Avalon Voyager II",2,0.784859189486583,2,0.784859189486583,1,35,72,67,5,107
"2020-07-21","12",5,"GP243F",2830,"model","Primary","09:43:58","09:49:14",48.0116075,-62.0081308333333,58.5,0.47,"Avalon Voyager II",1,0.357479764127631,1,0.357479764127631,0,12,11,11,0,23
"2020-07-21","12",7,"GP249A1",2655,"model","Alternate 1","11:56:40","12:01:48",48.1280066666667,-62.0591583333333,75,0.35,"Avalon Voyager II",0,0,0,0,0,5,0,0,0,5
"2020-07-21","12",8,"GP261F",2655,"model","Primary","13:12:25","13:17:27",48.04529,-61.8910641666667,62.2,0.23,"Avalon Voyager II",3,1.15593269520513,3,1.15593269520513,0,17,88,88,0,105
"2020-07-21","12",9,"GP257F",2445,"model","Primary","14:08:47","14:13:56",47.9856408333333,-61.9129533333333,56.7,0.43,"Avalon Voyager II",5,2.41543898903018,4,1.86653688368418,0,44,148,148,0,192
"2020-07-21","12",10,"GP278F",2694,"model","Primary","15:32:58","15:38:07",47.9501308333333,-61.67208,56.7,0.65,"Avalon Voyager II",9,4.29410152121796,0,0,0,51,0,0,0,51
"2020-07-21","12",11,"GP290F",1889,"model","Primary","16:57:06","17:02:59",48.0385325,-61.4616908333333,67.7,0.31,"Avalon Voyager II",0,0,0,0,0,14,23,20,3,37
"2020-07-21","12",12,"GP287F",1640,"model","Primary","17:36:57","17:41:58",47.9863216666667,-61.4587741666667,60.4,0.59,"Avalon Voyager II",1,0.54068697230816,0,0,0,3,0,0,0,3
"2020-07-21","12",13,"GP303F",2262,"model","Primary","18:14:17","18:19:31",47.9546708333333,-61.3783041666667,56.7,0.66,"Avalon Voyager II",13,6.44704225059758,0,0,1,25,0,0,0,25
"2020-07-21","12",15,"GP300A1",1788,"model","Alternate 1","19:54:39","19:59:25",47.9020916666667,-61.3026558333333,51.2,1.34,"Avalon Voyager II",0,0,0,0,0,0,1,1,0,1
"2020-07-22","12",1,"GP253F",2450,"average","Primary","05:21:27","05:26:37",47.6989641666667,-61.9403425,40.2,1.74,"Avalon Voyager II",1,0.415785122983141,0,0,0,48,2,1,1,50
"2020-07-22","12",2,"GP242F",2464,"average","Primary","06:04:48","06:09:44",47.7064058333333,-61.9626666666667,40.2,1.51,"Avalon Voyager II",0,0,0,0,0,39,8,7,1,47
"2020-07-22","12",3,"GP239F",2450,"average","Primary","06:47:15","06:52:08",47.67357,-61.985005,36.6,1.63,"Avalon Voyager II",1,0.489235964595247,0,0,0,73,5,0,5,78
"2020-07-22","12",4,"GP224F",2369,"model","Primary","08:26:17","08:31:16",47.65038,-62.2157275,53,0.43,"Avalon Voyager II",0,0,0,0,0,61,17,14,3,78
"2020-07-22","12",5,"GP213F",2700,"model","Primary","09:45:40","09:50:51",47.6301833333333,-62.3876625,54.9,0.63,"Avalon Voyager II",6,2.35017013112501,3,1.19238743864117,0,72,22,14,8,94
"2020-07-22","12",6,"GP205F",3390,"model","Primary","10:39:50","10:45:00",47.5993358333333,-62.4658341666667,75,0.63,"Avalon Voyager II",4,1.55838929200685,3,1.19775391386076,1,82,122,119,3,204
"2020-07-22","12",7,"GP222F",2673,"model","Primary","11:50:55","11:56:01",47.5571408333333,-62.2737583333333,56.7,0.27,"Avalon Voyager II",2,0.743063994384243,2,0.743063994384243,0,55,77,77,0,132
"2020-07-22","12",8,"GP211F",2507,"model","Primary","13:01:24","13:06:14",47.5071325,-62.39372,60.4,0.43,"Avalon Voyager II",5,1.93652203830937,4,1.56163330922827,0,74,76,73,3,150
"2020-07-22","12",9,"GP194F",2487,"model","Primary","14:26:23","14:31:36",47.4897283333333,-62.5804716666667,67.7,0.39,"Avalon Voyager II",24,11.5388996105526,7,3.05029719608424,2,98,176,169,7,274
"2020-07-22","12",10,"GP199F",2833,"model","Primary","15:34:23","15:39:36",47.4288525,-62.5135716666667,67.7,0.35,"Avalon Voyager II",14,7.82212961446709,3,1.26167900538689,13,210,292,287,5,502
"2020-07-22","12",11,"GP219F",1790,"model","Primary","17:01:44","17:06:48",47.3822725,-62.3642483333333,56.7,0.13,"Avalon Voyager II",0,0,0,0,0,56,29,5,24,85
"2020-07-22","12",12,"GP212F",2558,"model","Primary","18:07:24","18:12:26",47.3168591666667,-62.4495108333333,60.4,0.06,"Avalon Voyager II",7,3.26793989401134,1,0.534542298270463,1,55,123,100,23,178
"2020-07-22","12",13,"GP196F",2522,"model","Primary","19:15:34","19:20:24",47.276665,-62.5690733333333,62.2,0.19,"Avalon Voyager II",13,6.18515353632487,5,1.95698888814259,2,94,190,168,22,284
"2020-07-22","12",14,"GP188F",2774,"model","Primary","20:09:29","20:14:25",47.2537091666667,-62.6313975,64,0.17,"Avalon Voyager II",15,6.55317322017227,7,2.83812247547469,4,112,407,397,10,519
"2020-07-23","12",1,"GP234F",2308,"model","Primary","05:34:39","05:39:48",46.5844758333333,-62.2394791666667,51.2,1.39,"Avalon Voyager II",10,5.36474720839471,0,0,16,80,3,2,1,83
"2020-07-23","12",2,"GP240F",2837,"model","Primary","07:03:49","07:09:09",46.6210483333333,-61.9611291666667,64,1.39,"Avalon Voyager II",1,0.672771864675639,0,0,0,45,0,0,0,45
"2020-07-23","12",3,"GP265F",3071,"model","Primary","07:51:28","07:56:33",46.5948008333333,-61.8403066666667,54.9,1.23,"Avalon Voyager II",2,0.817115650794395,0,0,2,50,0,0,0,50
"2020-07-28","12",1,"GP274F",2589,"average","Primary","05:31:38","05:37:07",46.6129325,-61.70494,60.4,1.31,"Avalon Voyager II",3,1.62816809285452,1,0.6022946859913,0,92,28,21,7,120
"2020-07-28","12",2,"GP268F",2875,"average","Primary","06:38:56","06:44:11",46.6797516666667,-61.7709208333333,64,1.23,"Avalon Voyager II",4,1.78384155353111,1,0.359698422970916,3,87,48,34,14,135
"2020-07-28","12",3,"GP259F",2817,"average","Primary","07:42:11","07:48:07",46.6825516666667,-61.8856558333333,56.7,1.29,"Avalon Voyager II",3,1.75191587058457,1,0.687361589886611,0,17,1,0,1,18
"2020-07-28","12",4,"GP248F",2774,"average","Primary","08:43:24","08:49:08",46.7333333333333,-61.9740916666667,76.8,1.23,"Avalon Voyager II",27,13.6339865507345,7,2.9336810974979,5,190,197,189,8,387
"2020-07-28","12",5,"GP263F",2767,"average","Primary","10:25:53","10:30:55",46.7728,-61.8639866666667,71.3,1.25,"Avalon Voyager II",8,3.7025245567802,3,1.2636680880358,2,54,88,87,1,142
"2020-07-28","12",6,"GP245F",2915,"model","Primary","11:33:35","11:38:43",46.7889225,-61.9876983333333,67.7,1.14,"Avalon Voyager II",5,2.52962047716836,1,0.371051213888184,3,33,62,62,0,95
"2020-07-28","12",7,"GP233F",2695,"model","Primary","13:36:41","13:41:42",46.811785,-62.2115733333333,67.7,0.56,"Avalon Voyager II",29,15.1385040580207,3,1.2015785679909,10,121,123,113,10,244
"2020-07-28","12",8,"GP226F",2034,"model","Primary","14:53:06","14:58:39",46.70695,-62.2087258333333,73.2,0.99,"Avalon Voyager II",3,1.46965014197184,0,0,1,25,1,0,1,26
"2020-07-28","12",9,"GP220F",3273,"model","Primary","16:18:33","16:23:30",46.7350741666667,-62.2966558333333,65.8,0.83,"Avalon Voyager II",16,8.75643914552033,3,1.59015506389551,9,112,25,17,8,137
"2020-07-28","12",10,"GP214F",3135,"model","Primary","17:33:51","17:39:24",46.6391033333333,-62.3730308333333,58.5,1.15,"Avalon Voyager II",6,3.14252946161545,0,0,3,59,29,22,7,88
"2020-07-28","12",11,"GP192F",2523,"model","Primary","18:38:06","18:43:10",46.614625,-62.5359608333333,49.4,1.54,"Avalon Voyager II",4,1.83891300908174,0,0,2,25,0,0,0,25
"2020-07-28","12",12,"GP197F",2482,"model","Primary","19:26:00","19:31:01",46.6623641666667,-62.5749866666667,53,1.03,"Avalon Voyager II",11,5.91215568772203,1,0.493862366935669,8,69,0,0,0,69
"2020-07-28","12",13,"GP189F",2404,"model","Primary","20:26:43","20:31:48",46.5796141666667,-62.6784666666667,45.7,1.54,"Avalon Voyager II",0,0,0,0,0,1,0,0,0,1
"2020-07-29","12",1,"GP174F",2562,"average","Primary","05:37:40","05:42:42",46.6655075,-62.7860391666667,51.2,1.07,"Avalon Voyager II",2,0.851876814070454,1,0.370096009329188,0,20,0,0,0,20
"2020-07-29","12",2,"GP162F",2292,"model","Primary","06:45:14","06:50:26",46.6060141666667,-62.8447883333333,53,1.11,"Avalon Voyager II",6,3.24535500821198,0,0,4,153,5,2,3,158
"2020-07-29","12",3,"GP154F",2317,"model","Primary","08:01:58","08:07:08",46.6018025,-63.0654633333333,47.5,1.61,"Avalon Voyager II",8,4.37357378483645,0,0,1,65,61,54,7,126
"2020-07-29","12",4,"GP133F",2600,"average","Primary","08:50:43","08:56:28",46.620375,-63.1650266666667,43.9,1.74,"Avalon Voyager II",16,7.77870085730285,0,0,4,85,3,1,2,88
"2020-07-29","12",5,"GP141F",2468,"model","Primary","09:43:08","09:48:26",46.6753975,-63.1164825,45.7,1.31,"Avalon Voyager II",9,5.0145187304404,0,0,1,75,3,2,1,78
"2020-07-29","12",6,"GP170F",2739,"model","Primary","11:21:00","11:26:10",46.70551,-62.875895,54.9,1.09,"Avalon Voyager II",6,3.14087557253957,1,0.417206659829709,2,79,49,45,4,128
"2020-07-29","12",7,"GP159F",2707,"model","Primary","12:49:39","12:55:47",46.83412,-62.8353941666667,56.7,0.35,"Avalon Voyager II",33,17.7467827584353,1,0.374527825564001,17,231,77,63,14,308
"2020-07-29","12",8,"GP184F",2254,"model","Primary","14:00:54","14:06:01",46.8198291666667,-62.6899925,60.4,0.47,"Avalon Voyager II",15,7.65780874085075,1,0.442148131647168,3,155,31,16,15,186
"2020-07-29","12",11,"GP202A2",2689,"average","Alternate 2","18:15:00","18:20:11",46.8011125,-62.4965191666667,60.4,0.27,"Avalon Voyager II",10,5.319546818555,0,0,4,124,66,40,26,190
"2020-07-29","12",12,"GP206F",3134,"model","Primary","19:25:06","19:30:28",46.8815366666667,-62.437825,64,0.1,"Avalon Voyager II",48,26.7473382848183,2,0.871460788551728,16,244,204,146,58,448
"2020-07-29","12",13,"GP215F",2841,"model","Primary","20:35:15","20:40:25",46.9437066666667,-62.3356091666667,64,0.06,"Avalon Voyager II",9,4.91506714733444,0,0,6,191,12,7,5,203
"2020-07-30","12",1,"GP198F",2522,"model","Primary","05:40:20","05:45:31",46.9664966666667,-62.5851983333333,62.2,0.06,"Avalon Voyager II",4,2.21662827435632,1,0.463341318655922,1,47,69,49,20,116
"2020-07-30","12",2,"GP179F",2505,"model","Primary","06:51:35","06:56:07",47.0131116666667,-62.6876791666667,65.8,0.19,"Avalon Voyager II",16,8.30435836790956,5,2.40720096051766,2,79,388,360,28,467
"2020-07-30","12",3,"GP176F",2554,"model","Primary","08:03:49","08:09:02",46.989385,-62.7721575,62.2,0.31,"Avalon Voyager II",44,23.0792592110806,7,3.00801856937495,12,185,322,298,24,507
"2020-07-30","12",4,"GP158F",2358,"model","Primary","09:27:17","09:32:25",46.9418433333333,-62.9194908333333,60.4,0.31,"Avalon Voyager II",13,6.08140849304729,3,1.13646894285102,0,90,268,235,33,358
"2020-07-30","12",5,"GP149F",2631,"average","Primary","10:28:46","10:33:49",46.9239166666667,-63.0144183333333,60.4,0.31,"Avalon Voyager II",5,2.35997009436814,3,1.32242707443976,1,127,193,187,6,320
"2020-07-30","12",6,"GP147F",3429,"model","Primary","11:22:49","11:27:55",46.8825808333333,-63.022335,60.4,0.51,"Avalon Voyager II",3,1.23726649771881,2,0.745576428618519,0,85,93,62,31,178
"2020-07-30","12",7,"GP123F",2804,"average","Primary","12:54:41","12:59:39",46.8289833333333,-63.2851983333333,49.4,0.91,"Avalon Voyager II",5,2.52889053391105,0,0,2,80,50,41,9,130
"2020-07-30","12",9,"GP128A1",2670,"average","Alternate 1","14:43:05","14:48:11",46.7471408333333,-63.2138091666667,47.5,1.42,"Avalon Voyager II",0,0,0,0,2,28,0,0,0,28
"2020-07-30","12",10,"GP099F",2867,"average","Primary","17:22:32","17:27:35",46.7917708333333,-63.416525,45.7,1.33,"Avalon Voyager II",1,0.392738790780737,0,0,2,55,1,0,1,56
"2020-07-30","12",11,"GP094F",2844,"average","Primary","18:17:33","18:22:55",46.7853033333333,-63.4995583333333,42.1,1.6,"Avalon Voyager II",12,8.1680147733819,0,0,6,61,1,0,1,62
"2020-07-31","12",1,"GP077A1",3874,"model","Alternate 1","05:49:39","05:55:32",46.8967016666667,-63.6560225,40.2,1.54,"Avalon Voyager II",2,0.973479834006621,0,0,0,25,4,2,2,29
"2020-07-31","12",2,"GP084F",2240,"model","Primary","06:42:23","06:47:29",46.9234883333333,-63.5844683333333,45.7,0.75,"Avalon Voyager II",19,10.3521171805012,0,0,1,99,29,8,21,128
"2020-07-31","12",3,"GP113F",2728,"model","Primary","08:16:36","08:22:09",46.9111916666667,-63.3206925,54.9,0.79,"Avalon Voyager II",11,5.32097061952029,5,2.10972538947213,2,100,130,104,26,230
"2020-07-31","12",4,"GP127F",2554,"model","Primary","09:22:26","09:27:31",46.9576408333333,-63.2000166666667,58.5,0.38,"Avalon Voyager II",31,18.1591532076556,1,0.383499012988513,4,202,84,73,11,286
"2020-07-31","12",5,"GP125F",3111,"model","Primary","10:28:34","10:33:38",47.0086958333333,-63.2880625,58.5,0.4,"Avalon Voyager II",4,1.97238561560562,0,0,0,101,79,48,31,180
"2020-07-31","12",6,"GP106F",2960,"model","Primary","11:21:04","11:26:14",47.0813058333333,-63.3208916666667,56.7,0.35,"Avalon Voyager II",14,7.92910361775338,1,0.409876046928348,1,121,111,60,51,232
"2020-07-31","12",9,"GP080A2",3264,"model","Alternate 2","15:14:23","15:19:32",47.1874066666667,-63.48084,56.7,-0.06,"Avalon Voyager II",2,1.03219509006968,0,0,1,5,2,1,1,7
"2020-07-31","12",10,"GP088F",2993,"model","Primary","16:10:41","16:15:47",47.1070458333333,-63.5581883333333,54.9,0.19,"Avalon Voyager II",3,1.52643316358198,0,0,2,40,28,14,14,68
"2020-07-31","12",11,"GP068F",2078,"model","Primary","17:10:15","17:15:22",47.0929525,-63.7025391666667,53,0.4,"Avalon Voyager II",0,0,0,0,4,81,56,28,28,137
"2020-07-31","12",12,"GP076F",3391,"model","Primary","18:34:00","18:39:06",47.2356466666667,-63.6428383333333,64,-0.06,"Avalon Voyager II",10,6.06320571986998,2,0.767256415216067,4,148,213,164,49,361
"2020-07-31","12",13,"GP061F",3063,"model","Primary","19:42:08","19:47:18",47.1947225,-63.76429,54.9,0.19,"Avalon Voyager II",11,5.71566900897807,0,0,4,240,109,14,95,349
"2020-08-01","12",2,"GP049A1",2931,"model","Alternate 1","06:27:06","06:32:07",47.1443741666667,-63.8472066666667,38.4,3.03,"Avalon Voyager II",1,0.498664281666536,0,0,0,8,0,0,0,8
"2020-08-01","12",3,"GP026F",2983,"model","Primary","08:46:15","08:51:23",47.0882608333333,-64.1884433333333,38.4,2.71,"Avalon Voyager II",0,0,0,0,0,8,6,0,6,14
"2020-08-01","12",4,"GP024F",2680,"model","Primary","10:01:21","10:06:21",47.1894591666667,-64.24642,40.2,1.05,"Avalon Voyager II",7,3.61399268459875,0,0,2,39,14,0,14,53
"2020-08-01","12",5,"GP036F",2271,"model","Primary","11:17:44","11:22:48",47.2276916666667,-64.0984341666667,38.4,1.7,"Avalon Voyager II",0,0,0,0,0,6,3,0,3,9
"2020-08-01","12",6,"GP046F",2643,"model","Primary","12:51:22","12:56:45",47.3345608333333,-63.9497441666667,40.2,1.31,"Avalon Voyager II",5,2.80354076140118,1,0.554216452155504,0,50,15,1,14,65
"2020-08-01","12",7,"GP067F",3518,"model","Primary","14:09:06","14:14:14",47.3679791666667,-63.8042916666667,64,1.43,"Avalon Voyager II",2,1.24596403181969,2,1.24596403181969,2,110,104,32,72,214
"2020-08-01","12",9,"GP091A1",3422,"average","Alternate 1","16:52:11","16:58:08",47.4787225,-63.5989033333333,73.2,0.22,"Avalon Voyager II",9,5.05680973486223,2,1.03128944298428,2,217,150,12,138,367
"2020-08-01","12",11,"GP066A1",3196,"model","Alternate 1","19:22:25","19:27:31",47.4704241666667,-63.7865266666667,69.5,0.26,"Avalon Voyager II",12,6.35432360087025,2,0.905959835115992,8,287,173,21,152,460
"2020-08-01","12",12,"GP048F",3372,"model","Primary","20:13:39","20:18:45",47.4450116666667,-63.8326925,62.2,0.3,"Avalon Voyager II",6,2.90868515848332,1,0.37368663252061,1,205,263,10,253,468
"2020-08-02","12",1,"GP050F",3079,"model","Primary","05:40:32","05:45:36",47.4866608333333,-63.8997116666667,58.5,0.32,"Avalon Voyager II",12,6.22636336379155,1,0.376334698390591,5,449,240,7,233,689
"2020-08-02","12",2,"GP044F",2395,"model","Primary","07:19:07","07:24:16",47.4114358333333,-64.0879758333333,38.4,1.69,"Avalon Voyager II",0,0,0,0,0,9,0,0,0,9
"2020-08-02","12",3,"GP025F",2844,"model","Primary","08:55:58","09:01:04",47.3124166666667,-64.1903716666667,45.7,1.06,"Avalon Voyager II",1,0.364399728295434,0,0,2,39,46,27,19,85
"2020-08-02","12",4,"GP016F",2292,"model","Primary","10:30:14","10:35:24",47.3005966666667,-64.4408825,40.2,0.47,"Avalon Voyager II",11,5.68001100539808,0,0,3,75,15,0,15,90
"2020-08-02","12",5,"GP023F",1985,"model","Primary","11:41:15","11:46:25",47.35605,-64.286635,51.2,0.16,"Avalon Voyager II",1,0.375370300030286,0,0,0,33,45,21,24,78
"2020-08-02","12",6,"GP019F",2294,"model","Primary","12:35:33","12:40:40",47.4335383333333,-64.3465333333333,53,1.41,"Avalon Voyager II",4,1.95893786005609,0,0,3,55,16,10,6,71
"2020-08-02","12",7,"GP018F",2743,"model","Primary","13:27:42","13:32:49",47.5000391666667,-64.3943966666667,45.7,1.26,"Avalon Voyager II",18,10.7785886070006,0,0,3,96,60,1,59,156
"2020-08-02","12",8,"GP028F",1947,"model","Primary","14:50:27","14:55:34",47.5416766666667,-64.1818275,64,0.34,"Avalon Voyager II",8,4.09916162447631,5,2.39555433126574,6,50,33,33,0,83
"2020-08-02","12",9,"GP032F",2106,"model","Primary","15:30:02","15:35:11",47.550265,-64.1336108333333,65.8,0.3,"Avalon Voyager II",5,2.61440987567236,2,0.945386105814159,0,18,114,113,1,132
"2020-08-02","12",10,"GP022F",2452,"average","Primary","16:36:42","16:41:48",47.6575283333333,-64.1595233333333,69.5,0.3,"Avalon Voyager II",4,2.69064769308158,3,1.79627328456829,0,10,79,78,1,89
"2020-08-02","12",11,"GP030F",2370,"model","Primary","17:17:16","17:22:24",47.6965233333333,-64.1572141666667,71.3,0.3,"Avalon Voyager II",15,9.08508549361791,10,5.33684711478278,0,25,66,59,7,91
"2020-08-02","12",12,"GP040F",2318,"model","Primary","17:57:00","18:02:04",47.6797025,-64.0955991666667,75,0.3,"Avalon Voyager II",14,7.18824579759324,7,3.05057668767158,0,23,35,33,2,58
"2020-08-02","12",13,"GP042F",2199,"model","Primary","19:02:17","19:07:20",47.7608683333333,-64.0077558333333,82.3,0.38,"Avalon Voyager II",9,5.29662881982374,1,0.569409555683406,11,43,4,0,4,47
"2020-08-02","12",14,"GP041F",2487,"model","Primary","19:49:36","19:54:35",47.8231225,-64.0178108333333,78.6,0.39,"Avalon Voyager II",15,8.38043052137052,14,7.64820601488655,1,179,419,262,157,598
"2020-08-03","12",1,"GP015F",2415,"model","Primary","05:48:24","05:53:39",48.1173175,-64.4670433333333,45.7,0.74,"Avalon Voyager II",0,0,0,0,0,38,35,0,35,73
"2020-08-03","12",2,"GP012F",2185,"model","Primary","08:01:12","08:06:19",48.0652433333333,-64.7728025,82.3,0.47,"Avalon Voyager II",2,1.36961550371244,0,0,13,36,7,0,7,43
"2020-08-03","12",3,"GP010F",2375,"average","Primary","09:42:15","09:47:25",48.0422766666667,-64.98892,86,0.42,"Avalon Voyager II",7,3.99258000703663,5,2.63434686365031,4,152,236,110,126,388
"2020-08-03","12",4,"GP011F",1807,"model","Primary","11:00:03","11:05:04",47.9507533333333,-65.014025,78.6,0.38,"Avalon Voyager II",6,3.36321112675399,3,1.65806409359375,16,45,24,16,8,69
"2020-08-03","12",5,"GP007F",1890,"model","Primary","12:23:37","12:28:18",47.9285608333333,-65.1870075,75,0.42,"Avalon Voyager II",3,1.45245406820139,2,0.765273892295451,0,23,94,92,2,117
"2020-08-03","12",6,"GP005F",2600,"model","Primary","13:37:37","13:42:36",47.9557075,-65.3459758333333,47.5,1.18,"Avalon Voyager II",0,0,0,0,1,182,131,2,129,313
"2020-08-03","12",7,"GP001F",1850,"model","Primary","15:32:37","15:37:42",47.9751141666667,-65.6276316666667,45.7,1.77,"Avalon Voyager II",3,1.54775828974279,1,0.641623282895311,6,187,54,2,52,241
"2020-08-03","12",8,"GP003F",2331,"model","Primary","16:49:33","16:54:35",47.9139475,-65.4889891666667,54.9,0.96,"Avalon Voyager II",8,4.91349755416992,1,0.37742165062609,7,84,41,4,37,125
"2020-08-03","12",9,"GP004F",2353,"model","Primary","17:38:59","17:44:15",47.86207,-65.4786175,58.5,0.53,"Avalon Voyager II",4,2.24690083398583,0,0,10,39,5,5,0,44
"2020-08-03","12",10,"GP002F",2020,"model","Primary","18:44:19","18:49:27",47.78562,-65.5405816666667,40.2,1.06,"Avalon Voyager II",0,0,0,0,0,1,0,0,0,1
"2020-08-03","12",11,"GP006F",2651,"model","Primary","20:42:06","20:47:15",47.8954791666667,-65.2072033333333,71.3,0.45,"Avalon Voyager II",9,5.74684465497658,7,4.48697250530419,2,16,78,78,0,94
"2020-08-04","12",1,"GP008F",2622,"model","Primary","06:04:39","06:09:59",47.8959683333333,-65.1370383333333,76.8,0.38,"Avalon Voyager II",12,9.60316872756369,0,0,23,63,3,3,0,66
"2020-08-04","12",2,"GP009F",2966,"model","Primary","07:03:05","07:08:11",47.8867991666667,-64.987165,49.4,0.46,"Avalon Voyager II",0,0,0,0,1,6,4,0,4,10
"2020-08-08","12",2,"GP013A1",2287,"model","Alternate 1","07:13:46","07:18:57",48.1886816666667,-64.6184225,91.4,0.5,"Avalon Voyager II",4,2.33457057350421,1,0.686817445224928,4,18,6,3,3,24
"2020-08-08","12",3,"GP017F",2136,"model","Primary","08:25:14","08:30:17",48.1969133333333,-64.4224516666667,95.1,0.62,"Avalon Voyager II",12,6.77034553209939,1,0.644050681111065,3,57,66,42,24,123
"2020-08-08","12",4,"GP021F",1939,"model","Primary","09:28:09","09:33:21",48.2515666666667,-64.3066741666667,104.2,0.62,"Avalon Voyager II",14,8.75004711440136,2,1.13604276084129,7,37,31,30,1,68
"2020-08-08","12",5,"GP020F",2143,"model","Primary","10:21:22","10:26:29",48.2706266666667,-64.3376925,109.7,0.74,"Avalon Voyager II",13,8.84741419262092,6,4.22759361622755,12,31,11,1,10,42
"2020-08-08","12",6,"GP014F",2188,"model","Primary","11:19:58","11:25:06",48.3443416666667,-64.363175,111.6,0.62,"Avalon Voyager II",4,2.56657985469605,1,0.677431896629047,3,22,285,277,8,307
"2020-08-08","12",7,"GP034F",2826,"model","Primary","13:30:42","13:35:47",48.45222,-64.1175258333333,64,1.97,"Avalon Voyager II",0,0,0,0,0,7,17,15,2,24
"2020-08-08","12",8,"GP027F",2153,"model","Primary","14:51:09","14:56:14",48.53775,-64.1782325,80.5,1.06,"Avalon Voyager II",8,4.48748443018909,2,0.99563274946303,2,151,71,0,71,222
"2020-08-08","12",9,"GP033F",2062,"model","Primary","15:46:46","15:51:53",48.5391758333333,-64.1262816666667,100.6,0.94,"Avalon Voyager II",5,3.61591435134704,1,0.359113663923298,3,122,25,1,24,147
"2020-08-08","12",10,"GP057F",2364,"model","Primary","17:03:35","17:07:59",48.5570091666667,-63.9911725,91.4,1.08,"Avalon Voyager II",1,0.617182958112428,0,0,0,25,3,0,3,28
"2020-08-08","12",11,"GP038F",2617,"average","Primary","18:07:35","18:12:41",48.6044383333333,-64.0100633333333,86,0.9,"Avalon Voyager II",4,2.45838970633703,3,1.45530597349235,0,214,105,9,96,319
"2020-08-08","12",12,"GP035F",2479,"average","Primary","20:03:48","20:08:56",48.7549441666667,-64.0640158333333,78.6,0.16,"Avalon Voyager II",0,0,0,0,0,20,10,0,10,30
"2020-08-09","12",1,"GP054F",2621,"model","Primary","05:59:07","06:04:18",48.7313633333333,-63.9570291666667,146.3,3.67,"Avalon Voyager II",9,5.75311527938888,8,5.19889882723338,1,19,10,6,4,29
"2020-08-09","12",2,"GP064F",4018,"model","Primary","07:06:00","07:11:28",48.6614525,-63.82442,144.5,3.39,"Avalon Voyager II",0,0,0,0,0,51,37,1,36,88
"2020-08-09","12",3,"GP056F",2556,"model","Primary","08:10:21","08:15:34",48.6197441666667,-63.84689,164.6,3.19,"Avalon Voyager II",2,1.3969791955116,2,1.3969791955116,0,31,33,13,20,64
"2020-08-09","12",4,"GP074F",2227,"model","Primary","09:10:56","09:16:03",48.6052925,-63.7944775,139,2.67,"Avalon Voyager II",0,0,0,0,0,9,2,0,2,11
"2020-08-09","12",5,"GP083F",1466,"model","Primary","10:28:58","10:34:18",48.5496025,-63.6170266666667,117,2.38,"Avalon Voyager II",1,0.394978550303763,1,0.394978550303763,0,7,8,1,7,15
"2020-08-09","12",6,"GP078F",2478,"model","Primary","12:04:12","12:09:17",48.6427533333333,-63.5091708333333,159.1,3.54,"Avalon Voyager II",1,0.368428410808586,1,0.368428410808586,0,1,0,0,0,1
"2020-08-09","12",7,"GP107F",2778,"model","Primary","13:13:46","13:18:58",48.6332216666667,-63.4780433333333,157.3,3.5,"Avalon Voyager II",0,0,0,0,0,0,0,0,0,0
"2020-08-09","12",8,"GP096F",2833,"model","Primary","14:24:33","14:29:35",48.5744025,-63.4207591666667,131.7,2.14,"Avalon Voyager II",0,0,0,0,0,19,9,0,9,28
"2020-08-09","12",9,"GP112F",3184,"model","Primary","15:52:16","15:57:16",48.4384883333333,-63.4082175,117,2.23,"Avalon Voyager II",0,0,0,0,1,35,30,3,27,65
"2020-08-09","12",11,"GP103A1",3015,"model","Alternate 1","18:36:43","18:41:49",48.3797791666667,-63.3639516666667,93.3,0.59,"Avalon Voyager II",3,1.81920437818717,2,1.27030227284117,0,81,65,14,51,146
"2020-08-09","12",12,"GP089F",3523,"model","Primary","19:45:39","19:50:43",48.3135591666667,-63.5211283333333,96.9,0.98,"Avalon Voyager II",5,2.69464593439121,5,2.69464593439121,0,140,53,1,52,193
"2020-08-10","12",2,"GP086A1",3326,"model","Alternate 1","07:03:04","07:08:06",48.4064441666667,-63.6152366666667,107.9,1.14,"Avalon Voyager II",0,0,0,0,0,98,60,0,60,158
"2020-08-10","12",4,"GP073A1",2273,"model","Alternate 1","09:26:27","09:31:30",48.3194475,-63.7541525,82.3,0.7,"Avalon Voyager II",0,0,0,0,0,72,67,24,43,139
"2020-08-10","12",5,"GP065F",2416,"model","Primary","11:02:11","11:07:22",48.4523908333333,-63.7442608333333,146.3,2.71,"Avalon Voyager II",0,0,0,0,0,119,107,0,107,226
"2020-08-10","12",6,"GP059F",2932,"model","Primary","12:10:33","12:15:33",48.4114816666667,-63.8894766666667,96.9,1.35,"Avalon Voyager II",0,0,0,0,0,25,72,55,17,97
"2020-08-10","12",7,"GP058F",1771,"model","Primary","13:01:49","13:06:51",48.3408816666667,-63.8462841666667,107.9,1.72,"Avalon Voyager II",5,3.13032619132586,2,1.14069239805479,2,77,64,16,48,141
"2020-08-10","12",8,"GP029F",2917,"model","Primary","14:23:35","14:28:40",48.2686475,-64.016415,62.2,0.5,"Avalon Voyager II",0,0,0,0,0,67,23,1,22,90
"2020-08-10","12",9,"GP037F",3298,"model","Primary","15:08:00","15:13:05",48.2312583333333,-64.0670258333333,65.8,0.74,"Avalon Voyager II",6,2.79509843812378,1,0.360987162012453,1,127,83,4,79,210
"2020-08-10","12",11,"GP055A1",2873,"model","Alternate 1","17:04:16","17:09:14",48.1763241666667,-63.9133883333333,65.8,0.7,"Avalon Voyager II",0,0,0,0,2,40,13,0,13,53
"2020-08-10","12",12,"GP071F",3689,"model","Primary","17:55:41","18:00:46",48.1743916666667,-63.8245358333333,89.6,0.58,"Avalon Voyager II",4,2.22748657641127,3,1.62850376125029,0,69,35,5,30,104
"2020-08-11","12",4,"GP053F",2100,"model","Primary","10:03:10","10:08:25",48.0347283333333,-63.9389775,86,0.66,"Avalon Voyager II",5,2.66955426834074,1,0.445115360726372,4,210,180,1,179,390
"2020-08-11","12",5,"GP039F",2955,"model","Primary","11:36:10","11:41:27",47.9400225,-64.0582133333333,62.2,1.45,"Avalon Voyager II",5,3.43318405132966,1,0.417465474182318,0,105,55,0,55,160
"2020-08-11","12",7,"GP031A1",3004,"model","Alternate 1","14:10:44","14:15:56",47.820375,-64.251895,42.1,2.86,"Avalon Voyager II",0,0,0,0,0,0,0,0,0,0
"2020-08-11","12",8,"GP045F",2077,"model","Primary","16:18:23","16:23:33",47.938165,-63.96788,91.4,0.41,"Avalon Voyager II",0,0,0,0,6,26,38,22,16,64
"2020-08-11","12",9,"GP062F",2515,"model","Primary","17:49:01","17:54:14",47.9915341666667,-63.7702158333333,96.9,0.47,"Avalon Voyager II",9,5.46807097033821,1,0.360869874915228,10,168,160,34,126,328
"2020-08-11","12",10,"GP060F",2086,"model","Primary","19:08:13","19:13:22",48.05774,-63.6768625,96.9,0.49,"Avalon Voyager II",6,3.86612095867377,1,0.412694980674934,3,124,121,12,109,245
"2020-08-12","12",1,"GP082A1",3177,"average","Alternate 1","06:03:19","06:08:35",48.1478741666667,-63.5362208333333,91.4,0.54,"Avalon Voyager II",1,0.604287748821232,0,0,0,340,404,7,397,744
"2020-08-12","12",2,"GP075F",3919,"model","Primary","07:58:43","08:04:00",48.198715,-63.5063766666667,95.1,0.62,"Avalon Voyager II",3,1.99738765054881,2,1.21063026854512,0,107,159,53,106,266
"2020-08-12","12",3,"GP101F",1335,"model","Primary","09:15:09","09:20:28",48.1362916666667,-63.3994116666667,78.6,0.42,"Avalon Voyager II",0,0,0,0,0,28,15,1,14,43
"2020-08-12","12",4,"GP114F",3774,"model","Primary","10:15:41","10:20:50",48.2131391666667,-63.311325,93.3,0.41,"Avalon Voyager II",6,3.03952698367423,6,3.03952698367423,1,275,297,127,170,572
"2020-08-12","12",5,"GP126F",2961,"model","Primary","11:54:57","12:00:12",48.1513591666667,-63.20672,73.2,0.46,"Avalon Voyager II",4,1.8971958067157,4,1.8971958067157,2,48,31,7,24,79
"2020-08-12","12",6,"GP118F",3572,"model","Primary","13:04:44","13:09:44",48.0728566666667,-63.2626216666667,76.8,0.38,"Avalon Voyager II",4,1.73690544352521,0,0,3,65,50,29,21,115
"2020-08-12","12",7,"GP100F",3522,"model","Primary","14:40:43","14:45:44",47.9769341666667,-63.4156883333333,76.8,0.46,"Avalon Voyager II",3,1.30236338737914,3,1.30236338737914,0,20,31,25,6,51
"2020-08-12","12",8,"GP087F",3394,"model","Primary","15:46:22","15:51:33",47.9813533333333,-63.5306791666667,75,0.38,"Avalon Voyager II",2,1.21553399479452,2,1.21553399479452,0,88,149,110,39,237
"2020-08-12","12",10,"GP092A1",3096,"average","Alternate 1","18:26:05","18:31:09",47.8309116666667,-63.5405258333333,67.7,0.34,"Avalon Voyager II",1,0.881428027980349,0,0,0,161,133,6,127,294
"2020-08-12","12",11,"GP069F",3085,"model","Primary","19:50:29","19:55:37",47.90522,-63.708975,67.7,0.38,"Avalon Voyager II",3,1.67873796162428,1,0.369857468662832,0,76,58,1,57,134
"2020-08-13","12",1,"GP051F",1864,"model","Primary","05:56:47","06:01:47",47.8199425,-63.8739425,86,0.42,"Avalon Voyager II",1,0.86775908179646,1,0.86775908179646,3,34,19,9,10,53
"2020-08-13","12",2,"GP052F",2215,"model","Primary","06:52:25","06:57:23",47.7565858333333,-63.87842,73.2,0.38,"Avalon Voyager II",14,8.05529158765359,6,3.48900861903568,10,74,145,112,33,219
"2020-08-13","12",4,"GP047A1",3134,"model","Alternate 1","09:02:39","09:07:50",47.6079633333333,-63.9028575,54.9,0.94,"Avalon Voyager II",0,0,0,0,0,38,18,1,17,56
"2020-08-13","12",6,"GP070A1",2897,"average","Alternate 1","11:45:54","11:51:17",47.5833816666667,-63.7440891666667,60.4,0.42,"Avalon Voyager II",3,1.37304546657354,2,0.717994506267552,0,96,74,0,74,170
"2020-08-13","12",7,"GP093F",3008,"average","Primary","13:01:13","13:06:14",47.6444458333333,-63.6137866666667,71.3,0.38,"Avalon Voyager II",2,1.0515458747726,1,0.60561893573551,0,74,37,1,36,111
"2020-08-13","12",8,"GP063F",3512,"model","Primary","14:13:53","14:19:10",47.7269175,-63.6698958333333,71.3,0.38,"Avalon Voyager II",6,3.28411762194696,5,2.62941781765842,0,105,165,64,101,270
"2020-08-13","12",9,"GP095F",3502,"model","Primary","15:33:49","15:39:07",47.7742358333333,-63.49595,76.8,0.34,"Avalon Voyager II",4,1.96490569561647,2,1.14815633543072,1,130,139,61,78,269
"2020-08-13","12",10,"GP111F",3537,"model","Primary","16:59:27","17:04:33",47.80411,-63.3216083333333,80.5,0.3,"Avalon Voyager II",16,8.30636009634686,9,4.03585733022666,1,76,171,139,32,247
"2020-08-13","12",11,"GP110F",3151,"model","Primary","18:01:28","18:06:33",47.8345591666667,-63.3414141666667,76.8,0.38,"Avalon Voyager II",5,3.22207819830442,2,1.30543952492587,0,63,112,70,42,175
"2020-08-13","12",12,"GP129F",2118,"model","Primary","19:16:04","19:20:59",47.926155,-63.1880433333333,64,0.3,"Avalon Voyager II",6,3.47094485762497,1,0.364399728295434,0,68,47,2,45,115
"2020-08-14","12",1,"GP281F",2444,"model","Primary","05:53:46","05:58:57",47.8981666666667,-61.742055,58.5,0.42,"Avalon Voyager II",0,0,0,0,0,40,77,77,0,117
"2020-08-14","12",2,"GP258F",2465,"model","Primary","07:12:44","07:17:47",47.8674575,-61.9078141666667,54.9,0.5,"Avalon Voyager II",2,0.768206715321704,2,0.768206715321704,0,58,27,27,0,85
"2020-08-14","12",3,"GP247F",2109,"model","Primary","08:02:21","08:06:56",47.8691025,-61.9838933333333,54.9,0.52,"Avalon Voyager II",3,1.48446186109806,0,0,0,65,5,1,4,70
"2020-08-14","12",4,"GP223F",2494,"model","Primary","09:28:13","09:33:25",47.8401008333333,-62.1852,58.5,0.5,"Avalon Voyager II",6,2.47499601971014,1,0.367477785869016,2,120,29,8,21,149
"2020-08-14","12",5,"GP209F",2618,"model","Primary","11:11:45","11:17:09",47.9077883333333,-62.431615,73.2,0.46,"Avalon Voyager II",3,1.40711888998701,3,1.40711888998701,0,44,115,105,10,159
"2020-08-14","12",6,"GP204F",2249,"model","Primary","12:09:52","12:14:22",47.9532658333333,-62.5056975,64,0.22,"Avalon Voyager II",1,0.357712869515189,1,0.357712869515189,1,28,14,4,10,42
"2020-08-14","12",7,"GP193F",2358,"model","Primary","13:00:34","13:05:25",47.9150041666667,-62.5830658333333,64,0.34,"Avalon Voyager II",0,0,0,0,0,35,14,8,6,49
"2020-08-14","12",8,"GP183F",3589,"model","Primary","14:26:26","14:31:49",48.0262825,-62.6740233333333,86,0.7,"Avalon Voyager II",9,4.64831102163778,4,2.36107485285402,1,64,106,90,16,170
"2020-08-14","12",9,"GP172F",3018,"model","Primary","15:34:05","15:38:58",48.0328666666667,-62.8102075,82.3,0.2,"Avalon Voyager II",3,1.72739169464305,2,1.12093975943361,1,79,53,19,34,132
"2020-08-14","12",10,"GP157F",2603,"model","Primary","16:36:11","16:41:22",48.07479,-62.9148816666667,65.8,0.18,"Avalon Voyager II",1,0.47794037733123,0,0,0,26,16,5,11,42
"2020-08-14","12",11,"GP143F",2752,"model","Primary","17:57:49","18:02:57",48.04835,-63.0936233333333,58.5,0.5,"Avalon Voyager II",0,0,0,0,0,8,0,0,0,8
"2020-08-14","12",12,"GP144F",2944,"average","Primary","19:02:31","19:07:55",47.9372716666667,-63.0574858333333,62.2,0.27,"Avalon Voyager II",1,0.495023578874918,0,0,1,80,46,0,46,126
"2020-08-14","12",13,"GP136F",2709,"model","Primary","19:54:27","20:00:05",47.8846208333333,-63.1294483333333,69.5,0.26,"Avalon Voyager II",12,6.35585262965097,1,0.383499012988513,2,184,151,18,133,335
"2020-08-15","12",1,"GP135F",3123,"model","Primary","05:59:27","06:04:21",47.8115691666667,-63.1426033333333,73.2,0.3,"Avalon Voyager II",17,8.89859034158589,5,2.7911872859198,3,76,11,0,11,87
"2020-08-15","12",2,"GP145F",3049,"model","Primary","07:06:46","07:11:44",47.7827616666667,-63.0589383333333,75,0.3,"Avalon Voyager II",9,4.51756624532743,6,2.65572159072871,0,94,110,70,40,204
"2020-08-15","12",3,"GP131F",3346,"model","Primary","08:01:59","08:07:11",47.7659766666667,-63.1673191666667,73.2,0.26,"Avalon Voyager II",7,3.43772360714845,2,1.02650235895104,2,44,58,35,23,102
"2020-08-15","12",4,"GP137F",2845,"model","Primary","09:14:48","09:19:42",47.6787475,-63.1313658333333,67.7,0.26,"Avalon Voyager II",11,5.8217808187351,1,0.373446526871604,1,101,108,33,75,209
"2020-08-15","12",5,"GP132F",2160,"model","Primary","10:15:00","10:19:26",47.5815291666667,-63.1731966666667,65.8,0.22,"Avalon Voyager II",13,6.91768301456078,1,0.468920060922378,0,195,235,78,157,430
"2020-08-15","12",6,"GP119F",2724,"model","Primary","11:27:09","11:32:38",47.6089216666667,-63.2654233333333,86,0.38,"Avalon Voyager II",18,10.2855805595901,5,2.97955239473916,3,116,43,9,34,159
"2020-08-15","12",7,"GP102F",2882,"model","Primary","12:23:44","12:28:12",47.6202116666667,-63.3965033333333,80.5,0.34,"Avalon Voyager II",15,8.68521880933484,0,0,3,419,347,7,340,766
"2020-08-15","12",8,"GP108F",3681,"model","Primary","14:18:00","14:23:01",47.5615408333333,-63.3554033333333,75,0.36,"Avalon Voyager II",14,9.01223243085529,5,2.70285800873983,1,57,136,107,29,193
"2020-08-15","12",9,"GP104F",2308,"model","Primary","15:45:19","15:50:26",47.4409783333333,-63.4009333333333,80.5,0.3,"Avalon Voyager II",4,1.89813001578077,3,1.46027389837926,8,211,203,0,203,414
"2020-08-15","12",10,"GP079F",3988,"model","Primary","17:09:12","17:14:32",47.3699233333333,-63.4853583333333,73.2,0.26,"Avalon Voyager II",7,3.80702885820686,4,1.89638887838759,1,53,112,94,18,165
"2020-08-15","12",11,"GP090F",3888,"model","Primary","17:59:29","18:04:39",47.3420541666667,-63.5159466666667,69.5,0.22,"Avalon Voyager II",9,4.39864983539643,3,1.22531544936597,1,45,108,100,8,153
"2020-08-15","12",13,"GP097A1",4304,"model","Alternate 1","20:30:27","20:36:11",47.3273116666667,-63.3359591666667,69.5,0.24,"Avalon Voyager II",4,2.34247135535668,0,0,3,161,178,23,155,339
"2020-08-16","12",1,"GP105F",3003,"model","Primary","06:00:03","06:04:51",47.1873258333333,-63.3147766666667,60.4,0,"Avalon Voyager II",6,2.65126061309203,1,0.361808894606652,1,37,13,0,13,50
"2020-08-16","12",2,"GP124F",3041,"model","Primary","07:17:26","07:22:26",47.1762858333333,-63.2452525,65.8,0.11,"Avalon Voyager II",18,9.97681182596396,3,1.37843244655279,6,77,100,86,14,177
"2020-08-16","12",3,"GP150F",1624,"model","Primary","08:43:23","08:48:27",47.0929508333333,-63.095595,60.4,-0.02,"Avalon Voyager II",0,0,0,0,0,14,8,1,7,22
"2020-08-16","12",4,"GP163F",2616,"average","Primary","10:04:49","10:09:56",47.097795,-62.878735,58.5,0.02,"Avalon Voyager II",14,8.56445306895239,0,0,3,143,56,29,27,199
"2020-08-16","12",5,"GP191F",3497,"model","Primary","12:02:03","12:07:06",47.05827,-62.51397,69.5,0.15,"Avalon Voyager II",12,5.8574232901233,3,1.4482718616368,7,120,360,335,25,480
"2020-08-16","12",6,"GP210F",2828,"model","Primary","13:25:38","13:30:38",47.0109683333333,-62.340065,58.5,0.22,"Avalon Voyager II",6,3.02587974057063,0,0,2,59,139,132,7,198
"2020-08-16","12",7,"GP229F",2653,"model","Primary","14:28:54","14:33:55",46.9625875,-62.1627483333333,54.9,1.32,"Avalon Voyager II",1,0.608621364454906,0,0,0,34,2,1,1,36
"2020-08-16","12",8,"GP246F",2684,"model","Primary","15:58:34","16:03:31",46.9578241666667,-62.0212216666667,51.2,0.26,"Avalon Voyager II",2,0.985579880099874,0,0,0,49,1,1,0,50
"2020-08-16","12",9,"GP252F",3401,"model","Primary","17:04:48","17:09:36",46.8907591666667,-61.857275,56.7,0.29,"Avalon Voyager II",11,5.98306913993488,0,0,1,105,13,12,1,118
"2020-08-16","12",10,"GP275F",2518,"model","Primary","17:55:19","18:00:31",46.8720191666667,-61.7247033333333,54.9,0.9,"Avalon Voyager II",24,12.7026583542253,6,2.76312837844985,4,192,39,38,1,231
"2020-08-16","12",11,"GP283F",3033,"model","Primary","19:10:20","19:15:10",46.737985,-61.60915,73.2,1.85,"Avalon Voyager II",9,4.6094322067377,4,1.72214724928832,1,79,86,84,2,165
"2020-08-24","12",2,"GP241A1",1920,"average","Alternate 1","07:18:08","07:23:08",46.2724425,-61.9905233333333,40.2,5.67,"Avalon Voyager II",1,0.753256242713488,0,0,0,3,4,0,4,7
"2020-08-24","12",3,"GP231F",2028,"average","Primary","08:45:22","08:50:25",46.2118183333333,-62.1875283333333,32.9,6.59,"Avalon Voyager II",0,0,0,0,0,0,0,0,0,0
"2020-08-24","12",4,"GP238F",1911,"average","Primary","09:47:00","09:52:14",46.1092633333333,-62.108605,38.4,4.91,"Avalon Voyager II",0,0,0,0,0,0,0,0,0,0
"2020-08-24","12",5,"GP262F",1930,"model","Primary","11:13:30","11:18:34",46.0691258333333,-61.8849075,45.7,3.41,"Avalon Voyager II",7,4.98051743576053,0,0,3,28,24,0,24,52
"2020-08-24","12",6,"GP264F",1701,"model","Primary","12:00:33","12:05:02",46.0789741666667,-61.846555,47.5,2.88,"Avalon Voyager II",9,6.31853837988675,0,0,2,111,101,0,101,212
"2020-08-24","12",7,"GP271F",2362,"model","Primary","13:16:04","13:21:08",45.9467216666667,-61.7448441666667,40.2,2.94,"Avalon Voyager II",1,0.659804058267314,0,0,0,10,7,0,7,17
"2020-08-24","12",8,"GP270F",1827,"model","Primary","14:16:52","14:21:45",46.0432675,-61.7626858333333,49.4,2.67,"Avalon Voyager II",2,1.08539732480324,0,0,7,28,7,0,7,35
"2020-08-24","12",9,"GP277F",1735,"model","Primary","15:18:04","15:22:31",46.1079416666667,-61.6422116666667,49.4,2.61,"Avalon Voyager II",7,4.22674253987836,0,0,9,32,1,0,1,33
"2020-08-24","12",10,"GP266F",1839,"model","Primary","16:19:05","16:24:02",46.124435,-61.7923766666667,49.4,2.26,"Avalon Voyager II",2,1.41938029192347,0,0,9,20,0,0,0,20
"2020-08-24","12",11,"GP276F",1920,"average","Primary","17:46:21","17:51:32",46.25092,-61.7407333333333,54.9,2.01,"Avalon Voyager II",4,3.2943594584201,0,0,4,61,29,0,29,90
"2020-08-24","12",12,"GP254F",1716,"model","Primary","18:49:13","18:54:03",46.2669208333333,-61.8615441666667,49.4,2.42,"Avalon Voyager II",10,6.19024635986801,0,0,4,25,1,0,1,26
"2020-08-24","12",13,"GP256F",2045,"average","Primary","19:43:35","19:49:35",46.3216583333333,-61.9163341666667,40.2,4.67,"Avalon Voyager II",0,0,0,0,0,4,7,0,7,11
"2020-08-29","12",1,"GP255F",2827,"average","Primary","06:17:35","06:22:39",47.05656,-61.9094791666667,40.2,2,"Avalon Voyager II",0,0,0,0,0,1,0,0,0,1
"2020-08-29","12",2,"GP244F",2827,"model","Primary","07:17:55","07:22:57",47.011915,-62.0069641666667,49.4,0.82,"Avalon Voyager II",1,0.60995900663094,0,0,0,72,0,0,0,72
"2020-09-01","19",1,"GP349F",963,"model","Primary","06:18:20","06:23:27",47.0779591666667,-60.4873875,135.3,2.73,"Avalon Voyager II",6,4.46232715273417,6,4.46232715273417,0,15,0,0,0,15
"2020-09-01","19",2,"GP355F",2260,"model","Primary","08:10:12","08:15:17",47.2073033333333,-60.3640558333333,188.4,6.52,"Avalon Voyager II",0,0,0,0,0,0,1,0,1,1
"2020-09-01","19",3,"GP348F",2992,"model","Primary","09:50:10","09:55:22",47.2008283333333,-60.539965,162.8,6.81,"Avalon Voyager II",0,0,0,0,0,1,0,0,0,1
"2020-09-01","19",4,"GP343F",3282,"model","Primary","11:08:29","11:13:38",47.2196391666667,-60.6759191666667,98.8,2.78,"Avalon Voyager II",0,0,0,0,0,1,6,1,5,7
"2020-09-01","19",5,"GP347F",2692,"model","Primary","12:09:34","12:14:38",47.3075583333333,-60.58925,67.7,1.7,"Avalon Voyager II",25,12.6835246994531,0,0,7,82,8,0,8,90
"2020-09-01","12",6,"GP345F",2579,"average","Primary","12:57:18","13:02:15",47.3665991666667,-60.6490675,64,1.54,"Avalon Voyager II",12,6.15638100499986,5,2.37304144785268,0,35,30,30,0,65
"2020-09-01","12",7,"GP338F",2611,"average","Primary","14:05:20","14:10:29",47.4624533333333,-60.7683991666667,56.7,1.7,"Avalon Voyager II",7,3.10654805141279,3,1.29626505338431,1,32,48,48,0,80
"2020-09-01","12",8,"GP328F",2669,"average","Primary","15:05:49","15:10:58",47.446095,-60.93367,49.4,1.74,"Avalon Voyager II",8,4.31148707834407,5,2.84773916666809,0,59,8,3,5,67
"2020-09-01","19",9,"GP337F",2620,"average","Primary","16:10:28","16:15:35",47.3693666666667,-60.8059616666667,62.2,1.42,"Avalon Voyager II",11,5.37071933404515,9,4.4741044111146,0,47,73,71,2,120
"2020-09-01","19",10,"GP333F",3358,"model","Primary","17:13:01","17:18:42",47.2716316666667,-60.8771691666667,80.5,1.42,"Avalon Voyager II",7,3.23688645699255,7,3.23688645699255,0,108,17,14,3,125
"2020-09-01","12",11,"GP321F",2754,"average","Primary","18:26:57","18:31:51",47.3564233333333,-61.015755,53,1.71,"Avalon Voyager II",11,4.50367082010755,9,3.61711191189947,0,50,85,84,1,135
"2020-09-01","12",12,"GP314F",2432,"model","Primary","19:04:39","19:09:47",47.3290858333333,-61.095695,51.2,1.78,"Avalon Voyager II",6,2.45861223615302,3,1.16524210506723,0,138,22,4,18,160
"2020-09-01","12",13,"GP310F",2756,"average","Primary","19:44:57","19:50:00",47.3762908333333,-61.1379541666667,43.9,2.1,"Avalon Voyager II",0,0,0,0,0,27,3,0,3,30
"2020-09-02","12",1,"GP308F",2714,"model","Primary","06:18:30","06:23:40",47.3227991666667,-61.1557783333333,47.5,1.81,"Avalon Voyager II",5,2.11614924225986,2,0.753877016663066,0,168,13,0,13,181
"2020-09-02","12",2,"GP311F",3361,"model","Primary","07:53:14","07:58:23",47.1665466666667,-61.1135408333333,58.5,1.45,"Avalon Voyager II",2,0.746341271200878,2,0.746341271200878,1,26,239,239,0,265
"2020-09-02","12",3,"GP307F",3301,"model","Primary","09:18:30","09:23:40",47.0451783333333,-61.1564475,58.5,1.46,"Avalon Voyager II",3,1.32430079855719,2,0.95085427168559,0,20,107,107,0,127
"2020-09-02","12",4,"GP297F",2894,"average","Primary","10:56:06","11:01:17",47.0052716666667,-61.379545,45.7,1.34,"Avalon Voyager II",13,6.92218866629927,2,1.23453342954323,1,89,4,1,3,93
"2020-09-02","12",5,"GP296F",3793,"model","Primary","11:44:41","11:49:46",46.9616216666667,-61.3992133333333,49.4,1.05,"Avalon Voyager II",3,1.21893612192755,0,0,1,51,39,38,1,90
"2020-09-02","12",6,"GP285F",2891,"average","Primary","13:00:03","13:05:09",47.0151275,-61.5573875,32.9,3.1,"Avalon Voyager II",0,0,0,0,0,1,1,0,1,2
"2020-09-05","12",1,"GP228F",2550,"average","Primary","06:23:58","06:29:08",47.7239825,-62.21097,56.7,0.7,"Avalon Voyager II",2,0.875928164587165,1,0.391002713828061,0,119,17,15,2,136
"2020-09-05","12",2,"GP216F",2113,"model","Primary","07:48:39","07:53:53",47.7579091666667,-62.3806916666667,62.2,0.42,"Avalon Voyager II",1,0.361221813647069,1,0.361221813647069,0,49,171,171,0,220
"2020-09-05","12",3,"GP195F",2613,"model","Primary","09:23:32","09:28:40",47.7532991666667,-62.5846941666667,65.8,0.42,"Avalon Voyager II",8,3.70683746790181,2,0.860293353993927,1,135,15,3,12,150
"2020-09-05","12",4,"GP178F",2674,"average","Primary","10:58:33","11:04:27",47.8410333333333,-62.731395,69.5,0.34,"Avalon Voyager II",7,2.96161899319252,1,0.403897521046798,1,182,171,4,167,353
"2020-09-05","12",5,"GP168F",2894,"average","Primary","12:13:03","12:18:21",47.8519991666667,-62.8575083333333,75,0.34,"Avalon Voyager II",8,3.95019430436767,1,0.441744550312129,2,74,201,154,47,275
"2020-09-05","12",6,"GP175F",2808,"average","Primary","13:12:49","13:17:38",47.79053,-62.7811291666667,64,0.3,"Avalon Voyager II",2,0.897462149533848,0,0,0,81,53,4,49,134
"2020-09-05","12",7,"GP155F",2665,"average","Primary","14:39:54","14:45:00",47.7073383333333,-62.9296533333333,58.5,0.5,"Avalon Voyager II",3,1.34315059345219,1,0.470883315856505,0,64,18,2,16,82
"2020-09-05","12",8,"GP171F",2711,"average","Primary","15:30:35","15:35:44",47.6837808333333,-62.8142991666667,56.7,0.34,"Avalon Voyager II",5,2.15789600521227,1,0.384232719597944,0,57,31,6,25,88
"2020-09-05","12",9,"GP173F",2530,"model","Primary","16:08:27","16:13:39",47.6587933333333,-62.7925575,56.7,0.34,"Avalon Voyager II",3,1.53777811135012,1,0.603290660028852,0,35,43,26,17,78
"2020-09-05","12",10,"GP148F",2655,"model","Primary","18:14:22","18:19:20",47.5367975,-63.022165,51.2,0.62,"Avalon Voyager II",0,0,0,0,1,29,5,0,5,34
"2020-09-06","12",2,"GP167A2",1619,"model","Alternate 2","07:25:14","07:30:21",47.5330741666667,-62.9018833333333,51.2,0.66,"Avalon Voyager II",0,0,0,0,0,10,4,0,4,14
"2020-09-06","12",4,"GP186A1",2576,"model","Alternate 1","10:02:59","10:08:05",47.4938391666667,-62.7709933333333,56.7,0.62,"Avalon Voyager II",4,1.77961036111929,3,1.19829877074774,2,116,70,18,52,186
"2020-09-06","12",5,"GP182F",2512,"average","Primary","10:49:58","10:55:08",47.442995,-62.681925,60.4,0.54,"Avalon Voyager II",10,4.86705163785816,0,0,5,144,82,36,46,226
"2020-09-06","12",6,"GP160F",2612,"model","Primary","12:32:06","12:37:16",47.3854625,-62.90134,49.4,0.46,"Avalon Voyager II",2,0.984232032310106,1,0.4390603814044,0,58,41,10,31,99
"2020-09-06","12",7,"GP140F",2270,"model","Primary","14:17:16","14:22:29",47.43419,-63.1293525,73.2,0.34,"Avalon Voyager II",25,15.14256178797,8,4.35319298439367,2,73,70,52,18,143
"2020-09-06","12",9,"GP117A1",2698,"model","Alternate 1","16:19:34","16:24:09",47.3553208333333,-63.2647183333333,67.7,0.54,"Avalon Voyager II",16,8.71746242258554,7,3.25337667965025,6,76,67,56,11,143
"2020-09-06","12",10,"GP146F",2598,"model","Primary","17:31:56","17:36:55",47.3267975,-63.05857,58.5,0.22,"Avalon Voyager II",33,20.4173314311415,6,3.08893350584902,6,184,59,1,58,243
"2020-09-06","12",11,"GP116F",3097,"model","Primary","18:30:11","18:34:51",47.2854,-63.1477325,65.8,0.36,"Avalon Voyager II",15,8.65785518079603,2,0.954629334900434,13,285,167,3,164,452
"2020-09-06","12",12,"GP151F",3345,"model","Primary","19:37:42","19:42:47",47.1867366666667,-63.0033758333333,65.8,0.29,"Avalon Voyager II",28,16.0857791642547,3,1.55691046559528,7,186,62,21,41,248
"2020-09-07","12",1,"GP161F",2636,"model","Primary","06:26:09","06:31:22",47.266165,-62.8356883333333,53,0.62,"Avalon Voyager II",0,0,0,0,0,58,27,6,21,85
"2020-09-07","12",2,"GP164F",2543,"model","Primary","07:21:39","07:26:43",47.1687783333333,-62.8764166666667,58.5,0.58,"Avalon Voyager II",12,6.90872155660546,0,0,3,318,189,53,136,507
"2020-09-07","12",3,"GP177F",3104,"model","Primary","08:38:26","08:43:14",47.1607791666667,-62.6867158333333,65.8,0.54,"Avalon Voyager II",11,4.99376954765138,5,2.01789697111346,5,205,450,421,29,655
"2020-09-07","12",4,"GP190F",2719,"model","Primary","10:14:04","10:19:03",47.2063691666667,-62.6044708333333,65.8,0.42,"Avalon Voyager II",15,7.92777472530805,3,1.21594064779256,7,207,223,192,31,430
"2020-09-07","12",5,"GP221F",2878,"model","Primary","11:44:49","11:49:57",47.1237816666667,-62.4154875,58.5,0.58,"Avalon Voyager II",37,19.9978490607784,1,0.412694980674934,11,157,26,0,26,183
"2020-09-07","12",6,"GP232F",3124,"model","Primary","13:20:21","13:25:32",47.1488791666667,-62.1886991666667,36.6,3.12,"Avalon Voyager II",0,0,0,0,0,0,0,0,0,0
"2020-09-07","12",7,"GP279F",2482,"model","Primary","17:12:57","17:18:01",46.9291941666667,-61.6208883333333,49.4,1.21,"Avalon Voyager II",2,0.933513589639051,0,0,2,71,11,9,2,82
"2020-09-07","12",8,"GP291F",1966,"model","Primary","18:28:35","18:33:29",46.9001683333333,-61.4521833333333,58.5,1.74,"Avalon Voyager II",5,2.44088511279661,2,0.934035863596779,0,32,395,395,0,427
"2020-09-07","12",9,"GP288F",2886,"average","Primary","19:45:20","19:50:29",46.8085133333333,-61.5027275,58.5,2.15,"Avalon Voyager II",3,1.34534238797286,2,0.844338565818603,0,43,104,90,14,147
"2020-09-08","12",1,"GP286F",3210,"model","Primary","06:31:11","06:36:22",46.6075475,-61.5455333333333,60.4,2.03,"Avalon Voyager II",18,9.86129185634875,4,1.89230476421421,9,123,12,7,5,135
"2020-09-08","12",2,"GP272F",2455,"model","Primary","08:26:53","08:32:07",46.4771575,-61.7457391666667,40.2,3.32,"Avalon Voyager II",0,0,0,0,0,3,5,0,5,8
"2020-09-08","12",3,"GP267F",2411,"model","Primary","09:39:00","09:44:06",46.3919658333333,-61.7844741666667,40.2,3.91,"Avalon Voyager II",0,0,0,0,0,6,9,0,9,15
"2020-09-08","12",4,"GP280F",1832,"model","Primary","10:50:51","10:55:48",46.3790766666667,-61.6201825,53,2.55,"Avalon Voyager II",1,0.621917940477191,0,0,4,12,1,0,1,13
"2020-09-08","12",5,"GP284F",1757,"model","Primary","12:29:07","12:34:17",46.2175433333333,-61.5974033333333,54.9,2.76,"Avalon Voyager II",14,8.98021647773023,5,2.75767520303542,9,63,37,0,37,100
"2020-09-08","12",6,"GP294F",1880,"average","Primary","13:45:30","13:50:49",46.2003725,-61.4417183333333,38.4,5.46,"Avalon Voyager II",0,0,0,0,0,1,1,0,1,2
"2020-09-08","12",7,"GP301F",2309,"model","Primary","14:54:36","14:59:48",46.2994616666667,-61.3493941666667,45.7,3.26,"Avalon Voyager II",0,0,0,0,0,49,47,0,47,96
"2020-09-08","12",8,"GP289F",1672,"model","Primary","16:32:39","16:37:27",46.4507758333333,-61.4765083333333,62.2,1.97,"Avalon Voyager II",11,5.94749529907343,5,2.56741611821974,7,63,6,6,0,69
"2020-09-08","12",9,"GP298F",2547,"model","Primary","17:18:37","17:23:35",46.5100141666667,-61.4109233333333,58.5,1.58,"Avalon Voyager II",11,6.90445344205461,7,4.55736959530788,0,22,10,8,2,32
"2020-09-08","12",10,"GP292F",2826,"model","Primary","18:01:25","18:06:21",46.5313091666667,-61.4466941666667,60.4,2.12,"Avalon Voyager II",20,11.7343162862787,7,3.28148936644343,10,116,53,51,2,169
"2020-09-09","19",1,"GP340F",2317,"model","Primary","06:35:12","06:40:22",47.0556175,-60.746395,146.3,5.57,"Avalon Voyager II",6,3.98391051769539,1,0.579370194259874,10,69,0,0,0,69
"2020-09-09","19",2,"GP339F",2019,"model","Primary","07:39:09","07:44:16",47.15132,-60.7593675,150,5.23,"Avalon Voyager II",4,2.18099632563135,2,1.22876775078333,1,19,6,5,1,25
"2020-09-09","19",3,"GP329F",2807,"model","Primary","08:57:15","09:01:50",47.171015,-60.9154691666667,82.3,1.93,"Avalon Voyager II",2,0.914428045254022,2,0.914428045254022,0,15,32,32,0,47
"2020-09-09","19",4,"GP317F",2826,"model","Primary","10:00:12","10:05:23",47.1073741666667,-61.04978,73.2,1.46,"Avalon Voyager II",3,1.29838305585515,2,0.881952187072535,0,31,190,188,2,221
"2020-09-09","19",5,"GP327F",2809,"model","Primary","11:04:03","11:09:07",47.007265,-60.9578283333333,102.4,2.3,"Avalon Voyager II",14,8.35768582788739,2,1.10398429545458,8,65,3,0,3,68
"2020-09-09","19",6,"GP332F",2998,"model","Primary","11:57:58","12:02:59",47.0067683333333,-60.8908166666667,113.4,2.54,"Avalon Voyager II",9,5.47460839936251,4,2.60326782100426,10,88,3,0,3,91
"2020-09-09","19",7,"GP336F",2630,"model","Primary","12:37:56","12:43:03",46.98428,-60.9337491666667,109.7,2.83,"Avalon Voyager II",11,6.43496322106528,2,1.23524272606734,10,52,0,0,0,52
"2020-09-10","19",1,"GP330F",2499,"model","Primary","06:32:07","06:36:39",46.8347308333333,-60.9018675,98.8,2.97,"Avalon Voyager II",1,0.54703472463878,0,0,1,69,92,64,28,161
"2020-09-10","19",2,"GP318F",3054,"model","Primary","07:35:02","07:40:07",46.8507725,-61.0367183333333,106.1,2.69,"Avalon Voyager II",17,10.8638774764787,6,3.56956884654302,11,184,75,75,0,259
"2020-09-10","19",3,"GP322F",3104,"model","Primary","08:51:00","08:55:55",46.9364766666667,-61.0079358333333,98.8,2.23,"Avalon Voyager II",17,10.177935940452,13,7.89520018243828,5,33,91,88,3,124
"2020-09-10","19",4,"GP309F",2613,"model","Primary","09:48:17","09:53:22",46.9105208333333,-61.14274,62.2,1.58,"Avalon Voyager II",1,0.524658351432222,1,0.524658351432222,0,39,44,43,1,83
"2020-09-10","12",5,"GP302F",2930,"average","Primary","11:06:08","11:11:17",46.8687816666667,-61.3387341666667,60.4,1.87,"Avalon Voyager II",6,3.15240952772669,2,1.06340272701732,0,137,34,25,9,171
"2020-09-10","19",6,"GP304F",2980,"model","Primary","12:11:43","12:16:46",46.8013025,-61.2525208333333,65.8,1.71,"Avalon Voyager II",4,2.08334039139954,4,2.08334039139954,0,57,270,225,45,327
"2020-09-10","19",7,"GP299F",3042,"model","Primary","13:51:17","13:56:23",46.733695,-61.3555225,65.8,1.66,"Avalon Voyager II",19,11.6575320716867,10,6.42758767954931,4,131,173,100,73,304
"2020-09-10","19",8,"GP306F",3039,"model","Primary","15:02:20","15:07:24",46.6907183333333,-61.2330866666667,98.8,2.78,"Avalon Voyager II",17,9.54611327297334,14,7.6150943706824,24,171,85,63,22,256
"2020-09-10","19",9,"GP305F",2793,"model","Primary","15:59:39","16:04:37",46.6328625,-61.240725,76.8,2.35,"Avalon Voyager II",29,15.1369861574525,13,6.00099335728042,10,99,301,281,20,400
"2020-09-10","19",10,"GP319F",2850,"average","Primary","17:15:17","17:20:26",46.6784008333333,-61.12793,82.3,2.08,"Avalon Voyager II",4,1.85911395603774,4,1.85911395603774,0,118,94,15,79,212
